Record Length,2500,Points,8.679999970E-3,87.999999523E-3,
Sample Interval,3.99999999E-6,s,8.684000000E-3,43.99999976E-3,
Trigger Point,-2.1700001E3,Samples,8.688000031E-3,87.999999523E-3,
,,,8.692000061E-3,87.999999523E-3,
,,,8.696000092E-3,87.999999523E-3,
,,,8.700000122E-3,87.999999523E-3,
Source,CH1,,8.704000153E-3,87.999999523E-3,
Vertical Units,Volts,,8.708000183E-3,131.9999993E-3,
Vertical Scale,1.1000000,,8.712000214E-3,131.9999993E-3,
Vertical Offset,0,,8.716000244E-3,87.999999523E-3,
Horizontal Units,s,,8.720000274E-3,87.999999523E-3,
Horizontal Scale,1.000000E-3,,8.724000305E-3,87.999999523E-3,
Pt Fmt,Y,,8.728000335E-3,87.999999523E-3,
Yzero,-3.48000000,,8.732000366E-3,87.999999523E-3,
Probe Atten,1.000000,,8.736000396E-3,131.9999993E-3,
,,,8.740000427E-3,87.999999523E-3,
Note,TBS 1052B - 15:12:01   05/04/2019,,8.743999526E-3,87.999999523E-3,
,,,8.747999556E-3,43.99999976E-3,
,,,8.751999587E-3,87.999999523E-3,
,,,8.755999617E-3,131.9999993E-3,
,,,8.759999648E-3,131.9999993E-3,
,,,8.763999678E-3,131.9999993E-3,
,,,8.767999709E-3,87.999999523E-3,
,,,8.771999739E-3,87.999999523E-3,
,,,8.775999770E-3,87.999999523E-3,
,,,8.779999800E-3,131.9999993E-3,
,,,8.783999830E-3,87.999999523E-3,
,,,8.787999861E-3,87.999999523E-3,
,,,8.791999891E-3,87.999999523E-3,
,,,8.795999922E-3,131.9999993E-3,
,,,8.799999952E-3,131.9999993E-3,
,,,8.803999983E-3,87.999999523E-3,
,,,8.808000013E-3,87.999999523E-3,
,,,8.812000044E-3,131.9999993E-3,
,,,8.816000074E-3,87.999999523E-3,
,,,8.820000105E-3,87.999999523E-3,
,,,8.824000135E-3,87.999999523E-3,
,,,8.828000166E-3,87.999999523E-3,
,,,8.832000196E-3,87.999999523E-3,
,,,8.836000226E-3,87.999999523E-3,
,,,8.840000257E-3,87.999999523E-3,
,,,8.844000287E-3,87.999999523E-3,
,,,8.848000318E-3,87.999999523E-3,
,,,8.852000348E-3,87.999999523E-3,
,,,8.856000379E-3,87.999999523E-3,
,,,8.860000409E-3,87.999999523E-3,
,,,8.863999508E-3,87.999999523E-3,
,,,8.867999539E-3,43.99999976E-3,
,,,8.871999569E-3,87.999999523E-3,
,,,8.875999600E-3,87.999999523E-3,
,,,8.879999630E-3,87.999999523E-3,
,,,8.883999661E-3,131.9999993E-3,
,,,8.887999691E-3,87.999999523E-3,
,,,8.891999722E-3,43.99999976E-3,
,,,8.895999752E-3,87.999999523E-3,
,,,8.899999782E-3,87.999999523E-3,
,,,8.903999813E-3,87.999999523E-3,
,,,8.907999843E-3,87.999999523E-3,
,,,8.911999874E-3,87.999999523E-3,
,,,8.915999904E-3,87.999999523E-3,
,,,8.919999935E-3,87.999999523E-3,
,,,8.923999965E-3,131.9999993E-3,
,,,8.927999996E-3,87.999999523E-3,
,,,8.932000026E-3,87.999999523E-3,
,,,8.936000057E-3,43.99999976E-3,
,,,8.940000087E-3,87.999999523E-3,
,,,8.944000117E-3,87.999999523E-3,
,,,8.948000148E-3,87.999999523E-3,
,,,8.952000178E-3,87.999999523E-3,
,,,8.956000209E-3,43.99999976E-3,
,,,8.960000239E-3,87.999999523E-3,
,,,8.964000270E-3,131.9999993E-3,
,,,8.968000300E-3,87.999999523E-3,
,,,8.972000331E-3,87.999999523E-3,
,,,8.976000361E-3,87.999999523E-3,
,,,8.980000392E-3,87.999999523E-3,
,,,8.984000422E-3,43.99999976E-3,
,,,8.987999521E-3,43.99999976E-3,
,,,8.991999552E-3,43.99999976E-3,
,,,8.995999582E-3,43.99999976E-3,
,,,8.999999613E-3,87.999999523E-3,
,,,9.003999643E-3,43.99999976E-3,
,,,9.007999673E-3,87.999999523E-3,
,,,9.011999704E-3,87.999999523E-3,
,,,9.015999734E-3,131.9999993E-3,
,,,9.019999765E-3,131.9999993E-3,
,,,9.023999795E-3,131.9999993E-3,
,,,9.027999826E-3,131.9999993E-3,
,,,9.031999856E-3,87.999999523E-3,
,,,9.035999887E-3,131.9999993E-3,
,,,9.039999917E-3,43.99999976E-3,
,,,9.043999948E-3,131.9999993E-3,
,,,9.047999978E-3,87.999999523E-3,
,,,9.052000009E-3,87.999999523E-3,
,,,9.056000039E-3,87.999999523E-3,
,,,9.060000069E-3,87.999999523E-3,
,,,9.064000100E-3,87.999999523E-3,
,,,9.068000130E-3,87.999999523E-3,
,,,9.072000161E-3,87.999999523E-3,
,,,9.076000191E-3,87.999999523E-3,
,,,9.080000222E-3,87.999999523E-3,
,,,9.084000252E-3,87.999999523E-3,
,,,9.088000283E-3,87.999999523E-3,
,,,9.092000313E-3,87.999999523E-3,
,,,9.096000344E-3,87.999999523E-3,
,,,9.100000374E-3,43.99999976E-3,
,,,9.104000404E-3,87.999999523E-3,
,,,9.107999504E-3,87.999999523E-3,
,,,9.111999534E-3,87.999999523E-3,
,,,9.115999565E-3,87.999999523E-3,
,,,9.119999595E-3,131.9999993E-3,
,,,9.123999625E-3,87.999999523E-3,
,,,9.127999656E-3,43.99999976E-3,
,,,9.131999686E-3,43.99999976E-3,
,,,9.135999717E-3,87.999999523E-3,
,,,9.139999747E-3,87.999999523E-3,
,,,9.143999778E-3,131.9999993E-3,
,,,9.147999808E-3,87.999999523E-3,
,,,9.151999839E-3,131.9999993E-3,
,,,9.155999869E-3,87.999999523E-3,
,,,9.159999900E-3,87.999999523E-3,
,,,9.163999930E-3,87.999999523E-3,
,,,9.167999960E-3,87.999999523E-3,
,,,9.171999991E-3,87.999999523E-3,
,,,9.176000021E-3,87.999999523E-3,
,,,9.180000052E-3,87.999999523E-3,
,,,9.184000082E-3,87.999999523E-3,
,,,9.188000113E-3,43.99999976E-3,
,,,9.192000143E-3,43.99999976E-3,
,,,9.196000174E-3,87.999999523E-3,
,,,9.200000204E-3,87.999999523E-3,
,,,9.204000235E-3,87.999999523E-3,
,,,9.208000265E-3,87.999999523E-3,
,,,9.212000296E-3,131.9999993E-3,
,,,9.216000326E-3,87.999999523E-3,
,,,9.220000356E-3,87.999999523E-3,
,,,9.224000387E-3,43.99999976E-3,
,,,9.228000417E-3,87.999999523E-3,
,,,9.231999516E-3,87.999999523E-3,
,,,9.235999547E-3,43.99999976E-3,
,,,9.239999577E-3,131.9999993E-3,
,,,9.243999608E-3,87.999999523E-3,
,,,9.247999638E-3,87.999999523E-3,
,,,9.251999669E-3,43.99999976E-3,
,,,9.255999699E-3,43.99999976E-3,
,,,9.259999730E-3,43.99999976E-3,
,,,9.263999760E-3,87.999999523E-3,
,,,9.267999791E-3,87.999999523E-3,
,,,9.271999821E-3,87.999999523E-3,
,,,9.275999852E-3,87.999999523E-3,
,,,9.279999882E-3,87.999999523E-3,
,,,9.283999912E-3,87.999999523E-3,
,,,9.287999943E-3,43.99999976E-3,
,,,9.291999973E-3,87.999999523E-3,
,,,9.296000004E-3,87.999999523E-3,
,,,9.300000034E-3,131.9999993E-3,
,,,9.304000065E-3,87.999999523E-3,
,,,9.308000095E-3,87.999999523E-3,
,,,9.312000126E-3,43.99999976E-3,
,,,9.316000156E-3,43.99999976E-3,
,,,9.320000187E-3,87.999999523E-3,
,,,9.324000217E-3,43.99999976E-3,
,,,9.328000247E-3,87.999999523E-3,
,,,9.332000278E-3,131.9999993E-3,
,,,9.336000308E-3,131.9999993E-3,
,,,9.340000339E-3,87.999999523E-3,
,,,9.344000369E-3,87.999999523E-3,
,,,9.348000400E-3,87.999999523E-3,
,,,9.352000430E-3,43.99999976E-3,
,,,9.355999529E-3,87.999999523E-3,
,,,9.359999560E-3,131.9999993E-3,
,,,9.363999590E-3,87.999999523E-3,
,,,9.367999621E-3,87.999999523E-3,
,,,9.371999651E-3,87.999999523E-3,
,,,9.375999682E-3,43.99999976E-3,
,,,9.379999712E-3,87.999999523E-3,
,,,9.383999743E-3,87.999999523E-3,
,,,9.387999773E-3,87.999999523E-3,
,,,9.391999803E-3,87.999999523E-3,
,,,9.395999834E-3,87.999999523E-3,
,,,9.399999864E-3,87.999999523E-3,
,,,9.403999895E-3,87.999999523E-3,
,,,9.407999925E-3,87.999999523E-3,
,,,9.411999956E-3,87.999999523E-3,
,,,9.415999986E-3,87.999999523E-3,
,,,9.420000017E-3,87.999999523E-3,
,,,9.424000047E-3,131.9999993E-3,
,,,9.428000078E-3,87.999999523E-3,
,,,9.432000108E-3,87.999999523E-3,
,,,9.436000139E-3,87.999999523E-3,
,,,9.440000169E-3,87.999999523E-3,
,,,9.444000199E-3,87.999999523E-3,
,,,9.448000230E-3,87.999999523E-3,
,,,9.452000260E-3,87.999999523E-3,
,,,9.456000291E-3,87.999999523E-3,
,,,9.460000321E-3,87.999999523E-3,
,,,9.464000352E-3,87.999999523E-3,
,,,9.468000382E-3,87.999999523E-3,
,,,9.472000413E-3,87.999999523E-3,
,,,9.475999512E-3,131.9999993E-3,
,,,9.479999542E-3,87.999999523E-3,
,,,9.483999573E-3,87.999999523E-3,
,,,9.487999603E-3,87.999999523E-3,
,,,9.491999634E-3,131.9999993E-3,
,,,9.495999664E-3,43.99999976E-3,
,,,9.499999695E-3,43.99999976E-3,
,,,9.503999725E-3,43.99999976E-3,
,,,9.507999755E-3,87.999999523E-3,
,,,9.511999786E-3,87.999999523E-3,
,,,9.515999816E-3,43.99999976E-3,
,,,9.519999847E-3,131.9999993E-3,
,,,9.523999877E-3,87.999999523E-3,
,,,9.527999908E-3,87.999999523E-3,
,,,9.531999938E-3,87.999999523E-3,
,,,9.535999969E-3,87.999999523E-3,
,,,9.539999999E-3,87.999999523E-3,
,,,9.544000030E-3,87.999999523E-3,
,,,9.548000060E-3,87.999999523E-3,
,,,9.552000090E-3,131.9999993E-3,
,,,9.556000121E-3,87.999999523E-3,
,,,9.560000151E-3,87.999999523E-3,
,,,9.564000182E-3,87.999999523E-3,
,,,9.568000212E-3,131.9999993E-3,
,,,9.572000243E-3,87.999999523E-3,
,,,9.576000273E-3,131.9999993E-3,
,,,9.580000304E-3,87.999999523E-3,
,,,9.584000334E-3,87.999999523E-3,
,,,9.588000365E-3,87.999999523E-3,
,,,9.592000395E-3,87.999999523E-3,
,,,9.596000426E-3,131.9999993E-3,
,,,9.599999525E-3,87.999999523E-3,
,,,9.603999555E-3,87.999999523E-3,
,,,9.607999586E-3,87.999999523E-3,
,,,9.611999616E-3,43.99999976E-3,
,,,9.615999646E-3,87.999999523E-3,
,,,9.619999677E-3,131.9999993E-3,
,,,9.623999707E-3,131.9999993E-3,
,,,9.627999738E-3,87.999999523E-3,
,,,9.631999768E-3,87.999999523E-3,
,,,9.635999799E-3,87.999999523E-3,
,,,9.639999829E-3,87.999999523E-3,
,,,9.643999860E-3,87.999999523E-3,
,,,9.647999890E-3,87.999999523E-3,
,,,9.651999921E-3,43.99999976E-3,
,,,9.655999951E-3,43.99999976E-3,
,,,9.659999982E-3,43.99999976E-3,
,,,9.664000012E-3,87.999999523E-3,
,,,9.668000042E-3,87.999999523E-3,
,,,9.672000073E-3,87.999999523E-3,
,,,9.676000103E-3,87.999999523E-3,
,,,9.680000134E-3,87.999999523E-3,
,,,9.684000164E-3,131.9999993E-3,
,,,9.688000195E-3,87.999999523E-3,
,,,9.692000225E-3,87.999999523E-3,
,,,9.696000256E-3,87.999999523E-3,
,,,9.700000286E-3,131.9999993E-3,
,,,9.704000317E-3,87.999999523E-3,
,,,9.708000347E-3,131.9999993E-3,
,,,9.712000377E-3,87.999999523E-3,
,,,9.716000408E-3,131.9999993E-3,
,,,9.719999507E-3,131.9999993E-3,
,,,9.723999538E-3,87.999999523E-3,
,,,9.727999568E-3,87.999999523E-3,
,,,9.731999598E-3,87.999999523E-3,
,,,9.735999629E-3,87.999999523E-3,
,,,9.739999659E-3,87.999999523E-3,
,,,9.743999690E-3,43.99999976E-3,
,,,9.747999720E-3,87.999999523E-3,
,,,9.751999751E-3,87.999999523E-3,
,,,9.755999781E-3,131.9999993E-3,
,,,9.759999812E-3,43.99999976E-3,
,,,9.763999842E-3,87.999999523E-3,
,,,9.767999873E-3,87.999999523E-3,
,,,9.771999903E-3,87.999999523E-3,
,,,9.775999933E-3,43.99999976E-3,
,,,9.779999964E-3,43.99999976E-3,
,,,9.783999994E-3,87.999999523E-3,
,,,9.788000025E-3,131.9999993E-3,
,,,9.792000055E-3,87.999999523E-3,
,,,9.796000086E-3,131.9999993E-3,
,,,9.800000116E-3,87.999999523E-3,
,,,9.804000147E-3,87.999999523E-3,
,,,9.808000177E-3,87.999999523E-3,
,,,9.812000208E-3,87.999999523E-3,
,,,9.816000238E-3,43.99999976E-3,
,,,9.820000269E-3,87.999999523E-3,
,,,9.824000299E-3,43.99999976E-3,
,,,9.828000329E-3,87.999999523E-3,
,,,9.832000360E-3,87.999999523E-3,
,,,9.836000390E-3,131.9999993E-3,
,,,9.840000421E-3,87.999999523E-3,
,,,9.843999520E-3,43.99999976E-3,
,,,9.847999550E-3,87.999999523E-3,
,,,9.851999581E-3,87.999999523E-3,
,,,9.855999611E-3,87.999999523E-3,
,,,9.859999642E-3,43.99999976E-3,
,,,9.863999672E-3,87.999999523E-3,
,,,9.867999703E-3,87.999999523E-3,
,,,9.871999733E-3,131.9999993E-3,
,,,9.875999764E-3,87.999999523E-3,
,,,9.879999794E-3,87.999999523E-3,
,,,9.883999825E-3,131.9999993E-3,
,,,9.887999855E-3,87.999999523E-3,
,,,9.891999885E-3,87.999999523E-3,
,,,9.895999916E-3,87.999999523E-3,
,,,9.899999946E-3,87.999999523E-3,
,,,9.903999977E-3,87.999999523E-3,
,,,9.908000007E-3,87.999999523E-3,
,,,9.912000038E-3,131.9999993E-3,
,,,9.916000068E-3,87.999999523E-3,
,,,9.920000099E-3,87.999999523E-3,
,,,9.924000129E-3,87.999999523E-3,
,,,9.928000160E-3,131.9999993E-3,
,,,9.932000190E-3,87.999999523E-3,
,,,9.936000220E-3,43.99999976E-3,
,,,9.940000251E-3,87.999999523E-3,
,,,9.944000281E-3,43.99999976E-3,
,,,9.948000312E-3,87.999999523E-3,
,,,9.952000342E-3,131.9999993E-3,
,,,9.956000373E-3,131.9999993E-3,
,,,9.960000403E-3,87.999999523E-3,
,,,9.963999502E-3,87.999999523E-3,
,,,9.967999533E-3,43.99999976E-3,
,,,9.971999563E-3,87.999999523E-3,
,,,9.975999594E-3,87.999999523E-3,
,,,9.979999624E-3,87.999999523E-3,
,,,9.983999655E-3,87.999999523E-3,
,,,9.987999685E-3,87.999999523E-3,
,,,9.991999716E-3,43.99999976E-3,
,,,9.995999746E-3,43.99999976E-3,
,,,9.999999776E-3,131.9999993E-3,
,,,10.0039998E-3,87.999999523E-3,
,,,10.0079998E-3,131.9999993E-3,
,,,10.0119999E-3,131.9999993E-3,
,,,10.0159999E-3,43.99999976E-3,
,,,10.0199999E-3,87.999999523E-3,
,,,10.0240000E-3,87.999999523E-3,
,,,10.0280000E-3,87.999999523E-3,
,,,10.0320000E-3,131.9999993E-3,
,,,10.0360001E-3,87.999999523E-3,
,,,10.0400001E-3,43.99999976E-3,
,,,10.0440001E-3,87.999999523E-3,
,,,10.0480001E-3,43.99999976E-3,
,,,10.0520002E-3,87.999999523E-3,
,,,10.0560002E-3,87.999999523E-3,
,,,10.0600002E-3,43.99999976E-3,
,,,10.0640003E-3,87.999999523E-3,
,,,10.0680003E-3,87.999999523E-3,
,,,10.0720003E-3,87.999999523E-3,
,,,10.0760004E-3,43.99999976E-3,
,,,10.0800004E-3,87.999999523E-3,
,,,10.0840004E-3,43.99999976E-3,
,,,10.0879995E-3,87.999999523E-3,
,,,10.0919995E-3,87.999999523E-3,
,,,10.0959996E-3,43.99999976E-3,
,,,10.0999996E-3,43.99999976E-3,
,,,10.1039996E-3,87.999999523E-3,
,,,10.1079997E-3,87.999999523E-3,
,,,10.1119997E-3,87.999999523E-3,
,,,10.1159997E-3,87.999999523E-3,
,,,10.1199998E-3,43.99999976E-3,
,,,10.1239998E-3,87.999999523E-3,
,,,10.1279998E-3,43.99999976E-3,
,,,10.1319999E-3,87.999999523E-3,
,,,10.1359999E-3,87.999999523E-3,
,,,10.1399999E-3,43.99999976E-3,
,,,10.1439999E-3,43.99999976E-3,
,,,10.1480000E-3,87.999999523E-3,
,,,10.1520000E-3,87.999999523E-3,
,,,10.1560000E-3,87.999999523E-3,
,,,10.1600001E-3,87.999999523E-3,
,,,10.1640001E-3,87.999999523E-3,
,,,10.1680001E-3,87.999999523E-3,
,,,10.1720002E-3,87.999999523E-3,
,,,10.1760002E-3,87.999999523E-3,
,,,10.1800002E-3,87.999999523E-3,
,,,10.1840002E-3,43.99999976E-3,
,,,10.1880003E-3,87.999999523E-3,
,,,10.1920003E-3,87.999999523E-3,
,,,10.1960003E-3,87.999999523E-3,
,,,10.2000004E-3,43.99999976E-3,
,,,10.2040004E-3,43.99999976E-3,
,,,10.2080004E-3,87.999999523E-3,
,,,10.2119995E-3,43.99999976E-3,
,,,10.2159996E-3,43.99999976E-3,
,,,10.2199996E-3,87.999999523E-3,
,,,10.2239996E-3,131.9999993E-3,
,,,10.2279996E-3,87.999999523E-3,
,,,10.2319997E-3,131.9999993E-3,
,,,10.2359997E-3,43.99999976E-3,
,,,10.2399997E-3,87.999999523E-3,
,,,10.2439998E-3,87.999999523E-3,
,,,10.2479998E-3,87.999999523E-3,
,,,10.2519998E-3,131.9999993E-3,
,,,10.2559999E-3,43.99999976E-3,
,,,10.2599999E-3,87.999999523E-3,
,,,10.2639999E-3,131.9999993E-3,
,,,10.2680000E-3,87.999999523E-3,
,,,10.2720000E-3,87.999999523E-3,
,,,10.2760000E-3,43.99999976E-3,
,,,10.2800000E-3,87.999999523E-3,
,,,10.2840001E-3,87.999999523E-3,
,,,10.2880001E-3,87.999999523E-3,
,,,10.2920001E-3,131.9999993E-3,
,,,10.2960002E-3,87.999999523E-3,
,,,10.3000002E-3,43.99999976E-3,
,,,10.3040002E-3,131.9999993E-3,
,,,10.3080003E-3,87.999999523E-3,
,,,10.3120003E-3,43.99999976E-3,
,,,10.3160003E-3,87.999999523E-3,
,,,10.3200004E-3,87.999999523E-3,
,,,10.3240004E-3,87.999999523E-3,
,,,10.3280004E-3,43.99999976E-3,
,,,10.3319995E-3,131.9999993E-3,
,,,10.3359995E-3,87.999999523E-3,
,,,10.3399996E-3,87.999999523E-3,
,,,10.3439996E-3,131.9999993E-3,
,,,10.3479996E-3,43.99999976E-3,
,,,10.3519997E-3,87.999999523E-3,
,,,10.3559997E-3,87.999999523E-3,
,,,10.3599997E-3,87.999999523E-3,
,,,10.3639998E-3,87.999999523E-3,
,,,10.3679998E-3,87.999999523E-3,
,,,10.3719998E-3,131.9999993E-3,
,,,10.3759998E-3,87.999999523E-3,
,,,10.3799999E-3,43.99999976E-3,
,,,10.3839999E-3,43.99999976E-3,
,,,10.3879999E-3,43.99999976E-3,
,,,10.3920000E-3,87.999999523E-3,
,,,10.3960000E-3,87.999999523E-3,
,,,10.4000000E-3,43.99999976E-3,
,,,10.4040001E-3,131.9999993E-3,
,,,10.4080001E-3,43.99999976E-3,
,,,10.4120001E-3,131.9999993E-3,
,,,10.4160002E-3,87.999999523E-3,
,,,10.4200002E-3,131.9999993E-3,
,,,10.4240002E-3,43.99999976E-3,
,,,10.4280002E-3,87.999999523E-3,
,,,10.4320003E-3,87.999999523E-3,
,,,10.4360003E-3,87.999999523E-3,
,,,10.4400003E-3,87.999999523E-3,
,,,10.4440004E-3,87.999999523E-3,
,,,10.4480004E-3,87.999999523E-3,
,,,10.4520004E-3,87.999999523E-3,
,,,10.4559995E-3,131.9999993E-3,
,,,10.4599996E-3,87.999999523E-3,
,,,10.4639996E-3,87.999999523E-3,
,,,10.4679996E-3,43.99999976E-3,
,,,10.4719996E-3,87.999999523E-3,
,,,10.4759997E-3,87.999999523E-3,
,,,10.4799997E-3,87.999999523E-3,
,,,10.4839997E-3,43.99999976E-3,
,,,10.4879998E-3,87.999999523E-3,
,,,10.4919998E-3,87.999999523E-3,
,,,10.4959998E-3,87.999999523E-3,
,,,10.4999999E-3,87.999999523E-3,
,,,10.5039999E-3,87.999999523E-3,
,,,10.5079999E-3,43.99999976E-3,
,,,10.5119999E-3,131.9999993E-3,
,,,10.5160000E-3,43.99999976E-3,
,,,10.5200000E-3,87.999999523E-3,
,,,10.5240000E-3,87.999999523E-3,
,,,10.5280001E-3,43.99999976E-3,
,,,10.5320001E-3,87.999999523E-3,
,,,10.5360001E-3,87.999999523E-3,
,,,10.5400002E-3,43.99999976E-3,
,,,10.5440002E-3,87.999999523E-3,
,,,10.5480002E-3,87.999999523E-3,
,,,10.5520003E-3,87.999999523E-3,
,,,10.5560003E-3,87.999999523E-3,
,,,10.5600003E-3,87.999999523E-3,
,,,10.5640003E-3,87.999999523E-3,
,,,10.5680004E-3,43.99999976E-3,
,,,10.5720004E-3,87.999999523E-3,
,,,10.5759995E-3,87.999999523E-3,
,,,10.5799995E-3,87.999999523E-3,
,,,10.5839996E-3,131.9999993E-3,
,,,10.5879996E-3,87.999999523E-3,
,,,10.5919996E-3,87.999999523E-3,
,,,10.5959997E-3,87.999999523E-3,
,,,10.5999997E-3,87.999999523E-3,
,,,10.6039997E-3,87.999999523E-3,
,,,10.6079997E-3,87.999999523E-3,
,,,10.6119998E-3,43.99999976E-3,
,,,10.6159998E-3,131.9999993E-3,
,,,10.6199998E-3,131.9999993E-3,
,,,10.6239999E-3,43.99999976E-3,
,,,10.6279999E-3,87.999999523E-3,
,,,10.6319999E-3,87.999999523E-3,
,,,10.6360000E-3,87.999999523E-3,
,,,10.6400000E-3,131.9999993E-3,
,,,10.6440000E-3,131.9999993E-3,
,,,10.6480001E-3,87.999999523E-3,
,,,10.6520001E-3,87.999999523E-3,
,,,10.6560001E-3,87.999999523E-3,
,,,10.6600001E-3,131.9999993E-3,
,,,10.6640002E-3,87.999999523E-3,
,,,10.6680002E-3,131.9999993E-3,
,,,10.6720002E-3,43.99999976E-3,
,,,10.6760003E-3,43.99999976E-3,
,,,10.6800003E-3,131.9999993E-3,
,,,10.6840003E-3,131.9999993E-3,
,,,10.6880004E-3,87.999999523E-3,
,,,10.6920004E-3,87.999999523E-3,
,,,10.6960004E-3,87.999999523E-3,
,,,10.6999995E-3,131.9999993E-3,
,,,10.7039995E-3,87.999999523E-3,
,,,10.7079996E-3,87.999999523E-3,
,,,10.7119996E-3,87.999999523E-3,
,,,10.7159996E-3,87.999999523E-3,
,,,10.7199997E-3,87.999999523E-3,
,,,10.7239997E-3,131.9999993E-3,
,,,10.7279997E-3,43.99999976E-3,
,,,10.7319998E-3,87.999999523E-3,
,,,10.7359998E-3,87.999999523E-3,
,,,10.7399998E-3,43.99999976E-3,
,,,10.7439999E-3,43.99999976E-3,
,,,10.7479999E-3,43.99999976E-3,
,,,10.7519999E-3,87.999999523E-3,
,,,10.7559999E-3,131.9999993E-3,
,,,10.7600000E-3,87.999999523E-3,
,,,10.7640000E-3,43.99999976E-3,
,,,10.7680000E-3,87.999999523E-3,
,,,10.7720001E-3,87.999999523E-3,
,,,10.7760001E-3,87.999999523E-3,
,,,10.7800001E-3,87.999999523E-3,
,,,10.7840002E-3,87.999999523E-3,
,,,10.7880002E-3,131.9999993E-3,
,,,10.7920002E-3,87.999999523E-3,
,,,10.7960002E-3,131.9999993E-3,
,,,10.8000003E-3,87.999999523E-3,
,,,10.8040003E-3,87.999999523E-3,
,,,10.8080003E-3,87.999999523E-3,
,,,10.8120004E-3,131.9999993E-3,
,,,10.8160004E-3,131.9999993E-3,
,,,10.8199995E-3,131.9999993E-3,
,,,10.8239995E-3,87.999999523E-3,
,,,10.8279996E-3,87.999999523E-3,
,,,10.8319996E-3,131.9999993E-3,
,,,10.8359996E-3,87.999999523E-3,
,,,10.8399997E-3,87.999999523E-3,
,,,10.8439997E-3,131.9999993E-3,
,,,10.8479997E-3,87.999999523E-3,
,,,10.8519997E-3,87.999999523E-3,
,,,10.8559998E-3,87.999999523E-3,
,,,10.8599998E-3,87.999999523E-3,
,,,10.8639998E-3,87.999999523E-3,
,,,10.8679999E-3,87.999999523E-3,
,,,10.8719999E-3,87.999999523E-3,
,,,10.8759999E-3,87.999999523E-3,
,,,10.8800000E-3,87.999999523E-3,
,,,10.8840000E-3,87.999999523E-3,
,,,10.8880000E-3,87.999999523E-3,
,,,10.8920000E-3,43.99999976E-3,
,,,10.8960001E-3,87.999999523E-3,
,,,10.9000001E-3,43.99999976E-3,
,,,10.9040001E-3,87.999999523E-3,
,,,10.9080002E-3,43.99999976E-3,
,,,10.9120002E-3,87.999999523E-3,
,,,10.9160002E-3,87.999999523E-3,
,,,10.9200003E-3,87.999999523E-3,
,,,10.9240003E-3,87.999999523E-3,
,,,10.9280003E-3,87.999999523E-3,
,,,10.9320004E-3,87.999999523E-3,
,,,10.9360004E-3,43.99999976E-3,
,,,10.9400004E-3,87.999999523E-3,
,,,10.9439995E-3,87.999999523E-3,
,,,10.9479995E-3,87.999999523E-3,
,,,10.9519996E-3,131.9999993E-3,
,,,10.9559996E-3,87.999999523E-3,
,,,10.9599996E-3,87.999999523E-3,
,,,10.9639997E-3,43.99999976E-3,
,,,10.9679997E-3,43.99999976E-3,
,,,10.9719997E-3,87.999999523E-3,
,,,10.9759998E-3,43.99999976E-3,
,,,10.9799998E-3,87.999999523E-3,
,,,10.9839998E-3,87.999999523E-3,
,,,10.9879998E-3,87.999999523E-3,
,,,10.9919999E-3,87.999999523E-3,
,,,10.9959999E-3,131.9999993E-3,
,,,10.9999999E-3,87.999999523E-3,
,,,11.0040000E-3,131.9999993E-3,
,,,11.0080000E-3,87.999999523E-3,
,,,11.0120000E-3,131.9999993E-3,
,,,11.0160001E-3,87.999999523E-3,
,,,11.0200001E-3,131.9999993E-3,
,,,11.0240001E-3,87.999999523E-3,
,,,11.0280002E-3,87.999999523E-3,
,,,11.0320002E-3,87.999999523E-3,
,,,11.0360002E-3,87.999999523E-3,
,,,11.0400002E-3,87.999999523E-3,
,,,11.0440003E-3,131.9999993E-3,
,,,11.0480003E-3,87.999999523E-3,
,,,11.0520003E-3,87.999999523E-3,
,,,11.0560004E-3,87.999999523E-3,
,,,11.0600004E-3,87.999999523E-3,
,,,11.0640004E-3,87.999999523E-3,
,,,11.0679995E-3,43.99999976E-3,
,,,11.0719996E-3,43.99999976E-3,
,,,11.0759996E-3,43.99999976E-3,
,,,11.0799996E-3,87.999999523E-3,
,,,11.0839996E-3,87.999999523E-3,
,,,11.0879997E-3,87.999999523E-3,
,,,11.0919997E-3,131.9999993E-3,
,,,11.0959997E-3,131.9999993E-3,
,,,11.0999998E-3,43.99999976E-3,
,,,11.1039998E-3,87.999999523E-3,
,,,11.1079998E-3,87.999999523E-3,
,,,11.1119999E-3,43.99999976E-3,
,,,11.1159999E-3,87.999999523E-3,
,,,11.1199999E-3,87.999999523E-3,
,,,11.1240000E-3,87.999999523E-3,
,,,11.1280000E-3,43.99999976E-3,
,,,11.1320000E-3,43.99999976E-3,
,,,11.1360000E-3,43.99999976E-3,
,,,11.1400001E-3,43.99999976E-3,
,,,11.1440001E-3,87.999999523E-3,
,,,11.1480001E-3,87.999999523E-3,
,,,11.1520002E-3,43.99999976E-3,
,,,11.1560002E-3,87.999999523E-3,
,,,11.1600002E-3,43.99999976E-3,
,,,11.1640003E-3,87.999999523E-3,
,,,11.1680003E-3,87.999999523E-3,
,,,11.1720003E-3,87.999999523E-3,
,,,11.1760003E-3,87.999999523E-3,
,,,11.1800004E-3,87.999999523E-3,
,,,11.1840004E-3,131.9999993E-3,
,,,11.1879995E-3,87.999999523E-3,
,,,11.1919995E-3,131.9999993E-3,
,,,11.1959996E-3,87.999999523E-3,
,,,11.1999996E-3,87.999999523E-3,
,,,11.2039996E-3,87.999999523E-3,
,,,11.2079997E-3,87.999999523E-3,
,,,11.2119997E-3,87.999999523E-3,
,,,11.2159997E-3,87.999999523E-3,
,,,11.2199998E-3,87.999999523E-3,
,,,11.2239998E-3,131.9999993E-3,
,,,11.2279998E-3,87.999999523E-3,
,,,11.2319998E-3,87.999999523E-3,
,,,11.2359999E-3,87.999999523E-3,
,,,11.2399999E-3,87.999999523E-3,
,,,11.2439999E-3,87.999999523E-3,
,,,11.2480000E-3,87.999999523E-3,
,,,11.2520000E-3,43.99999976E-3,
,,,11.2560000E-3,87.999999523E-3,
,,,11.2600001E-3,131.9999993E-3,
,,,11.2640001E-3,87.999999523E-3,
,,,11.2680001E-3,87.999999523E-3,
,,,11.2720001E-3,131.9999993E-3,
,,,11.2760002E-3,87.999999523E-3,
,,,11.2800002E-3,87.999999523E-3,
,,,11.2840002E-3,87.999999523E-3,
,,,11.2880003E-3,87.999999523E-3,
,,,11.2920003E-3,131.9999993E-3,
,,,11.2960003E-3,87.999999523E-3,
,,,11.3000004E-3,43.99999976E-3,
,,,11.3040004E-3,87.999999523E-3,
,,,11.3080004E-3,131.9999993E-3,
,,,11.3119995E-3,87.999999523E-3,
,,,11.3159996E-3,87.999999523E-3,
,,,11.3199996E-3,87.999999523E-3,
,,,11.3239996E-3,87.999999523E-3,
,,,11.3279996E-3,87.999999523E-3,
,,,11.3319997E-3,43.99999976E-3,
,,,11.3359997E-3,131.9999993E-3,
,,,11.3399997E-3,43.99999976E-3,
,,,11.3439998E-3,87.999999523E-3,
,,,11.3479998E-3,43.99999976E-3,
,,,11.3519998E-3,87.999999523E-3,
,,,11.3559999E-3,87.999999523E-3,
,,,11.3599999E-3,87.999999523E-3,
,,,11.3639999E-3,87.999999523E-3,
,,,11.3679999E-3,87.999999523E-3,
,,,11.3720000E-3,43.99999976E-3,
,,,11.3760000E-3,87.999999523E-3,
,,,11.3800000E-3,131.9999993E-3,
,,,11.3840001E-3,87.999999523E-3,
,,,11.3880001E-3,87.999999523E-3,
,,,11.3920001E-3,87.999999523E-3,
,,,11.3960002E-3,87.999999523E-3,
,,,11.4000002E-3,87.999999523E-3,
,,,11.4040002E-3,87.999999523E-3,
,,,11.4080003E-3,131.9999993E-3,
,,,11.4120003E-3,87.999999523E-3,
,,,11.4160003E-3,87.999999523E-3,
,,,11.4200003E-3,131.9999993E-3,
,,,11.4240004E-3,43.99999976E-3,
,,,11.4280004E-3,87.999999523E-3,
,,,11.4319995E-3,87.999999523E-3,
,,,11.4359995E-3,87.999999523E-3,
,,,11.4399996E-3,87.999999523E-3,
,,,11.4439996E-3,43.99999976E-3,
,,,11.4479996E-3,43.99999976E-3,
,,,11.4519997E-3,131.9999993E-3,
,,,11.4559997E-3,87.999999523E-3,
,,,11.4599997E-3,87.999999523E-3,
,,,11.4639997E-3,87.999999523E-3,
,,,11.4679998E-3,43.99999976E-3,
,,,11.4719998E-3,87.999999523E-3,
,,,11.4759998E-3,43.99999976E-3,
,,,11.4799999E-3,87.999999523E-3,
,,,11.4839999E-3,87.999999523E-3,
,,,11.4879999E-3,43.99999976E-3,
,,,11.4920000E-3,87.999999523E-3,
,,,11.4960000E-3,131.9999993E-3,
,,,11.5000000E-3,131.9999993E-3,
,,,11.5040001E-3,131.9999993E-3,
,,,11.5080001E-3,131.9999993E-3,
,,,11.5120001E-3,87.999999523E-3,
,,,11.5160001E-3,87.999999523E-3,
,,,11.5200002E-3,87.999999523E-3,
,,,11.5240002E-3,87.999999523E-3,
,,,11.5280002E-3,87.999999523E-3,
,,,11.5320003E-3,87.999999523E-3,
,,,11.5360003E-3,87.999999523E-3,
,,,11.5400003E-3,131.9999993E-3,
,,,11.5440004E-3,87.999999523E-3,
,,,11.5480004E-3,87.999999523E-3,
,,,11.5520004E-3,87.999999523E-3,
,,,11.5559995E-3,87.999999523E-3,
,,,11.5599995E-3,43.99999976E-3,
,,,11.5639996E-3,87.999999523E-3,
,,,11.5679996E-3,43.99999976E-3,
,,,11.5719996E-3,87.999999523E-3,
,,,11.5759997E-3,43.99999976E-3,
,,,11.5799997E-3,87.999999523E-3,
,,,11.5839997E-3,87.999999523E-3,
,,,11.5879998E-3,87.999999523E-3,
,,,11.5919998E-3,87.999999523E-3,
,,,11.5959998E-3,43.99999976E-3,
,,,11.5999999E-3,131.9999993E-3,
,,,11.6039999E-3,87.999999523E-3,
,,,11.6079999E-3,87.999999523E-3,
,,,11.6119999E-3,87.999999523E-3,
,,,11.6160000E-3,87.999999523E-3,
,,,11.6200000E-3,87.999999523E-3,
,,,11.6240000E-3,87.999999523E-3,
,,,11.6280001E-3,87.999999523E-3,
,,,11.6320001E-3,43.99999976E-3,
,,,11.6360001E-3,87.999999523E-3,
,,,11.6400002E-3,87.999999523E-3,
,,,11.6440002E-3,87.999999523E-3,
,,,11.6480002E-3,87.999999523E-3,
,,,11.6520002E-3,87.999999523E-3,
,,,11.6560003E-3,87.999999523E-3,
,,,11.6600003E-3,87.999999523E-3,
,,,11.6640003E-3,87.999999523E-3,
,,,11.6680004E-3,87.999999523E-3,
,,,11.6720004E-3,131.9999993E-3,
,,,11.6759995E-3,43.99999976E-3,
,,,11.6799995E-3,87.999999523E-3,
,,,11.6839996E-3,43.99999976E-3,
,,,11.6879996E-3,43.99999976E-3,
,,,11.6919996E-3,87.999999523E-3,
,,,11.6959997E-3,87.999999523E-3,
,,,11.6999997E-3,87.999999523E-3,
,,,11.7039997E-3,131.9999993E-3,
,,,11.7079997E-3,131.9999993E-3,
,,,11.7119998E-3,87.999999523E-3,
,,,11.7159998E-3,87.999999523E-3,
,,,11.7199998E-3,131.9999993E-3,
,,,11.7239999E-3,131.9999993E-3,
,,,11.7279999E-3,131.9999993E-3,
,,,11.7319999E-3,87.999999523E-3,
,,,11.7360000E-3,87.999999523E-3,
,,,11.7400000E-3,43.99999976E-3,
,,,11.7440000E-3,87.999999523E-3,
,,,11.7480000E-3,87.999999523E-3,
,,,11.7520001E-3,87.999999523E-3,
,,,11.7560001E-3,131.9999993E-3,
,,,11.7600001E-3,131.9999993E-3,
,,,11.7640002E-3,131.9999993E-3,
,,,11.7680002E-3,87.999999523E-3,
,,,11.7720002E-3,131.9999993E-3,
,,,11.7760003E-3,87.999999523E-3,
,,,11.7800003E-3,87.999999523E-3,
,,,11.7840003E-3,87.999999523E-3,
,,,11.7880004E-3,43.99999976E-3,
,,,11.7920004E-3,43.99999976E-3,
,,,11.7960004E-3,87.999999523E-3,
,,,11.7999995E-3,43.99999976E-3,
,,,11.8039995E-3,87.999999523E-3,
,,,11.8079996E-3,87.999999523E-3,
,,,11.8119996E-3,87.999999523E-3,
,,,11.8159996E-3,87.999999523E-3,
,,,11.8199997E-3,87.999999523E-3,
,,,11.8239997E-3,87.999999523E-3,
,,,11.8279997E-3,131.9999993E-3,
,,,11.8319998E-3,87.999999523E-3,
,,,11.8359998E-3,87.999999523E-3,
,,,11.8399998E-3,131.9999993E-3,
,,,11.8439998E-3,131.9999993E-3,
,,,11.8479999E-3,87.999999523E-3,
,,,11.8519999E-3,87.999999523E-3,
,,,11.8559999E-3,43.99999976E-3,
,,,11.8600000E-3,87.999999523E-3,
,,,11.8640000E-3,43.99999976E-3,
,,,11.8680000E-3,87.999999523E-3,
,,,11.8720001E-3,43.99999976E-3,
,,,11.8760001E-3,87.999999523E-3,
,,,11.8800001E-3,131.9999993E-3,
,,,11.8840002E-3,87.999999523E-3,
,,,11.8880002E-3,131.9999993E-3,
,,,11.8920002E-3,87.999999523E-3,
,,,11.8960002E-3,87.999999523E-3,
,,,11.9000003E-3,87.999999523E-3,
,,,11.9040003E-3,131.9999993E-3,
,,,11.9080003E-3,87.999999523E-3,
,,,11.9120004E-3,131.9999993E-3,
,,,11.9160004E-3,87.999999523E-3,
,,,11.9200004E-3,87.999999523E-3,
,,,11.9239995E-3,87.999999523E-3,
,,,11.9279996E-3,87.999999523E-3,
,,,11.9319996E-3,87.999999523E-3,
,,,11.9359996E-3,87.999999523E-3,
,,,11.9399996E-3,87.999999523E-3,
,,,11.9439997E-3,131.9999993E-3,
,,,11.9479997E-3,131.9999993E-3,
,,,11.9519997E-3,131.9999993E-3,
,,,11.9559998E-3,131.9999993E-3,
,,,11.9599998E-3,131.9999993E-3,
,,,11.9639998E-3,87.999999523E-3,
,,,11.9679999E-3,131.9999993E-3,
,,,11.9719999E-3,131.9999993E-3,
,,,11.9759999E-3,87.999999523E-3,
,,,11.9800000E-3,87.999999523E-3,
,,,11.9840000E-3,87.999999523E-3,
,,,11.9880000E-3,131.9999993E-3,
,,,11.9920000E-3,43.99999976E-3,
,,,11.9960001E-3,131.9999993E-3,
,,,12.0000001E-3,87.999999523E-3,
,,,12.0040001E-3,131.9999993E-3,
,,,12.0080002E-3,87.999999523E-3,
,,,12.0120002E-3,131.9999993E-3,
,,,12.0160002E-3,131.9999993E-3,
,,,12.0200003E-3,87.999999523E-3,
,,,12.0240003E-3,43.99999976E-3,
,,,12.0280003E-3,43.99999976E-3,
,,,12.0320003E-3,87.999999523E-3,
,,,12.0360004E-3,87.999999523E-3,
,,,12.0400004E-3,87.999999523E-3,
,,,12.0439995E-3,87.999999523E-3,
,,,12.0479995E-3,87.999999523E-3,
,,,12.0519996E-3,87.999999523E-3,
,,,12.0559996E-3,87.999999523E-3,
,,,12.0599996E-3,43.99999976E-3,
,,,12.0639997E-3,87.999999523E-3,
,,,12.0679997E-3,87.999999523E-3,
,,,12.0719997E-3,87.999999523E-3,
,,,12.0759998E-3,87.999999523E-3,
,,,12.0799998E-3,87.999999523E-3,
,,,12.0839998E-3,87.999999523E-3,
,,,12.0879998E-3,43.99999976E-3,
,,,12.0919999E-3,87.999999523E-3,
,,,12.0959999E-3,43.99999976E-3,
,,,12.0999999E-3,43.99999976E-3,
,,,12.1040000E-3,43.99999976E-3,
,,,12.1080000E-3,87.999999523E-3,
,,,12.1120000E-3,43.99999976E-3,
,,,12.1160001E-3,87.999999523E-3,
,,,12.1200001E-3,87.999999523E-3,
,,,12.1240001E-3,43.99999976E-3,
,,,12.1280001E-3,87.999999523E-3,
,,,12.1320002E-3,87.999999523E-3,
,,,12.1360002E-3,87.999999523E-3,
,,,12.1400002E-3,87.999999523E-3,
,,,12.1440003E-3,43.99999976E-3,
,,,12.1480003E-3,87.999999523E-3,
,,,12.1520003E-3,131.9999993E-3,
,,,12.1560004E-3,87.999999523E-3,
,,,12.1600004E-3,87.999999523E-3,
,,,12.1640004E-3,87.999999523E-3,
,,,12.1679995E-3,87.999999523E-3,
,,,12.1719996E-3,131.9999993E-3,
,,,12.1759996E-3,87.999999523E-3,
,,,12.1799996E-3,87.999999523E-3,
,,,12.1839996E-3,87.999999523E-3,
,,,12.1879997E-3,87.999999523E-3,
,,,12.1919997E-3,87.999999523E-3,
,,,12.1959997E-3,87.999999523E-3,
,,,12.1999998E-3,87.999999523E-3,
,,,12.2039998E-3,131.9999993E-3,
,,,12.2079998E-3,43.99999976E-3,
,,,12.2119999E-3,43.99999976E-3,
,,,12.2159999E-3,87.999999523E-3,
,,,12.2199999E-3,87.999999523E-3,
,,,12.2239999E-3,87.999999523E-3,
,,,12.2280000E-3,87.999999523E-3,
,,,12.2320000E-3,87.999999523E-3,
,,,12.2360000E-3,131.9999993E-3,
,,,12.2400001E-3,87.999999523E-3,
,,,12.2440001E-3,43.99999976E-3,
,,,12.2480001E-3,87.999999523E-3,
,,,12.2520002E-3,87.999999523E-3,
,,,12.2560002E-3,87.999999523E-3,
,,,12.2600002E-3,87.999999523E-3,
,,,12.2640003E-3,87.999999523E-3,
,,,12.2680003E-3,43.99999976E-3,
,,,12.2720003E-3,87.999999523E-3,
,,,12.2760003E-3,43.99999976E-3,
,,,12.2800004E-3,131.9999993E-3,
,,,12.2840004E-3,87.999999523E-3,
,,,12.2879995E-3,87.999999523E-3,
,,,12.2919995E-3,87.999999523E-3,
,,,12.2959996E-3,87.999999523E-3,
,,,12.2999996E-3,43.99999976E-3,
,,,12.3039996E-3,87.999999523E-3,
,,,12.3079997E-3,43.99999976E-3,
,,,12.3119997E-3,87.999999523E-3,
,,,12.3159997E-3,87.999999523E-3,
,,,12.3199997E-3,87.999999523E-3,
,,,12.3239998E-3,43.99999976E-3,
,,,12.3279998E-3,87.999999523E-3,
,,,12.3319998E-3,87.999999523E-3,
,,,12.3359999E-3,87.999999523E-3,
,,,12.3399999E-3,87.999999523E-3,
,,,12.3439999E-3,87.999999523E-3,
,,,12.3480000E-3,87.999999523E-3,
,,,12.3520000E-3,131.9999993E-3,
,,,12.3560000E-3,131.9999993E-3,
,,,12.3600001E-3,87.999999523E-3,
,,,12.3640001E-3,87.999999523E-3,
,,,12.3680001E-3,87.999999523E-3,
,,,12.3720001E-3,87.999999523E-3,
,,,12.3760002E-3,87.999999523E-3,
,,,12.3800002E-3,87.999999523E-3,
,,,12.3840002E-3,87.999999523E-3,
,,,12.3880003E-3,43.99999976E-3,
,,,12.3920003E-3,87.999999523E-3,
,,,12.3960003E-3,87.999999523E-3,
,,,12.4000004E-3,87.999999523E-3,
,,,12.4040004E-3,87.999999523E-3,
,,,12.4080004E-3,87.999999523E-3,
,,,12.4119995E-3,131.9999993E-3,
,,,12.4159995E-3,87.999999523E-3,
,,,12.4199996E-3,131.9999993E-3,
,,,12.4239996E-3,87.999999523E-3,
,,,12.4279996E-3,87.999999523E-3,
,,,12.4319997E-3,43.99999976E-3,
,,,12.4359997E-3,87.999999523E-3,
,,,12.4399997E-3,43.99999976E-3,
,,,12.4439998E-3,43.99999976E-3,
,,,12.4479998E-3,87.999999523E-3,
,,,12.4519998E-3,87.999999523E-3,
,,,12.4559999E-3,87.999999523E-3,
,,,12.4599999E-3,131.9999993E-3,
,,,12.4639999E-3,87.999999523E-3,
,,,12.4679999E-3,87.999999523E-3,
,,,12.4720000E-3,87.999999523E-3,
,,,12.4760000E-3,87.999999523E-3,
,,,12.4800000E-3,87.999999523E-3,
,,,12.4840001E-3,87.999999523E-3,
,,,12.4880001E-3,131.9999993E-3,
,,,12.4920001E-3,87.999999523E-3,
,,,12.4960002E-3,87.999999523E-3,
,,,12.5000002E-3,131.9999993E-3,
,,,12.5040002E-3,43.99999976E-3,
,,,12.5080002E-3,87.999999523E-3,
,,,12.5120003E-3,43.99999976E-3,
,,,12.5160003E-3,87.999999523E-3,
,,,12.5200003E-3,87.999999523E-3,
,,,12.5240004E-3,87.999999523E-3,
,,,12.5280004E-3,87.999999523E-3,
,,,12.5319995E-3,43.99999976E-3,
,,,12.5359995E-3,87.999999523E-3,
,,,12.5399996E-3,87.999999523E-3,
,,,12.5439996E-3,87.999999523E-3,
,,,12.5479996E-3,87.999999523E-3,
,,,12.5519997E-3,87.999999523E-3,
,,,12.5559997E-3,131.9999993E-3,
,,,12.5599997E-3,87.999999523E-3,
,,,12.5639997E-3,43.99999976E-3,
,,,12.5679998E-3,131.9999993E-3,
,,,12.5719998E-3,87.999999523E-3,
,,,12.5759998E-3,87.999999523E-3,
,,,12.5799999E-3,87.999999523E-3,
,,,12.5839999E-3,87.999999523E-3,
,,,12.5879999E-3,87.999999523E-3,
,,,12.5920000E-3,131.9999993E-3,
,,,12.5960000E-3,87.999999523E-3,
,,,12.6000000E-3,87.999999523E-3,
,,,12.6040000E-3,87.999999523E-3,
,,,12.6080001E-3,87.999999523E-3,
,,,12.6120001E-3,87.999999523E-3,
,,,12.6160001E-3,87.999999523E-3,
,,,12.6200002E-3,87.999999523E-3,
,,,12.6240002E-3,87.999999523E-3,
,,,12.6280002E-3,131.9999993E-3,
,,,12.6320003E-3,87.999999523E-3,
,,,12.6360003E-3,87.999999523E-3,
,,,12.6400003E-3,131.9999993E-3,
,,,12.6440004E-3,87.999999523E-3,
,,,12.6480004E-3,87.999999523E-3,
,,,12.6520004E-3,87.999999523E-3,
,,,12.6559995E-3,87.999999523E-3,
,,,12.6599995E-3,87.999999523E-3,
,,,12.6639996E-3,43.99999976E-3,
,,,12.6679996E-3,131.9999993E-3,
,,,12.6719996E-3,131.9999993E-3,
,,,12.6759997E-3,87.999999523E-3,
,,,12.6799997E-3,131.9999993E-3,
,,,12.6839997E-3,87.999999523E-3,
,,,12.6879998E-3,131.9999993E-3,
,,,12.6919998E-3,87.999999523E-3,
,,,12.6959998E-3,87.999999523E-3,
,,,12.6999998E-3,131.9999993E-3,
,,,12.7039999E-3,87.999999523E-3,
,,,12.7079999E-3,87.999999523E-3,
,,,12.7119999E-3,87.999999523E-3,
,,,12.7160000E-3,87.999999523E-3,
,,,12.7200000E-3,87.999999523E-3,
,,,12.7240000E-3,87.999999523E-3,
,,,12.7280001E-3,131.9999993E-3,
,,,12.7320001E-3,87.999999523E-3,
,,,12.7360001E-3,43.99999976E-3,
,,,12.7400002E-3,87.999999523E-3,
,,,12.7440002E-3,43.99999976E-3,
,,,12.7480002E-3,87.999999523E-3,
,,,12.7520002E-3,131.9999993E-3,
,,,12.7560003E-3,131.9999993E-3,
,,,12.7600003E-3,87.999999523E-3,
,,,12.7640003E-3,87.999999523E-3,
,,,12.7680004E-3,43.99999976E-3,
,,,12.7720004E-3,131.9999993E-3,
,,,12.7760004E-3,87.999999523E-3,
,,,12.7799995E-3,87.999999523E-3,
,,,12.7839996E-3,87.999999523E-3,
,,,12.7879996E-3,87.999999523E-3,
,,,12.7919996E-3,87.999999523E-3,
,,,12.7959996E-3,87.999999523E-3,
,,,12.7999997E-3,131.9999993E-3,
,,,12.8039997E-3,87.999999523E-3,
,,,12.8079997E-3,87.999999523E-3,
,,,12.8119998E-3,131.9999993E-3,
,,,12.8159998E-3,87.999999523E-3,
,,,12.8199998E-3,43.99999976E-3,
,,,12.8239999E-3,87.999999523E-3,
,,,12.8279999E-3,87.999999523E-3,
,,,12.8319999E-3,43.99999976E-3,
,,,12.8360000E-3,87.999999523E-3,
,,,12.8400000E-3,87.999999523E-3,
,,,12.8440000E-3,131.9999993E-3,
,,,12.8480000E-3,87.999999523E-3,
,,,12.8520001E-3,87.999999523E-3,
,,,12.8560001E-3,87.999999523E-3,
,,,12.8600001E-3,87.999999523E-3,
,,,12.8640002E-3,87.999999523E-3,
,,,12.8680002E-3,87.999999523E-3,
,,,12.8720002E-3,87.999999523E-3,
,,,12.8760003E-3,87.999999523E-3,
,,,12.8800003E-3,87.999999523E-3,
,,,12.8840003E-3,87.999999523E-3,
,,,12.8880003E-3,87.999999523E-3,
,,,12.8920004E-3,43.99999976E-3,
,,,12.8960004E-3,87.999999523E-3,
,,,12.8999995E-3,43.99999976E-3,
,,,12.9039995E-3,131.9999993E-3,
,,,12.9079996E-3,131.9999993E-3,
,,,12.9119996E-3,131.9999993E-3,
,,,12.9159996E-3,87.999999523E-3,
,,,12.9199997E-3,87.999999523E-3,
,,,12.9239997E-3,87.999999523E-3,
,,,12.9279997E-3,131.9999993E-3,
,,,12.9319998E-3,131.9999993E-3,
,,,12.9359998E-3,87.999999523E-3,
,,,12.9399998E-3,87.999999523E-3,
,,,12.9439998E-3,87.999999523E-3,
,,,12.9479999E-3,87.999999523E-3,
,,,12.9519999E-3,87.999999523E-3,
,,,12.9559999E-3,87.999999523E-3,
,,,12.9600000E-3,87.999999523E-3,
,,,12.9640000E-3,87.999999523E-3,
,,,12.9680000E-3,87.999999523E-3,
,,,12.9720001E-3,87.999999523E-3,
,,,12.9760001E-3,131.9999993E-3,
,,,12.9800001E-3,87.999999523E-3,
,,,12.9840001E-3,43.99999976E-3,
,,,12.9880002E-3,87.999999523E-3,
,,,12.9920002E-3,131.9999993E-3,
,,,12.9960002E-3,87.999999523E-3,
,,,13.0000003E-3,87.999999523E-3,
,,,13.0040003E-3,87.999999523E-3,
,,,13.0080003E-3,43.99999976E-3,
,,,13.0120004E-3,0.0,
,,,13.0160004E-3,0.0,
,,,13.0200004E-3,-43.99999976E-3,
,,,13.0239995E-3,-43.99999976E-3,
,,,13.0279996E-3,0.0,
,,,13.0319996E-3,0.0,
,,,13.0359996E-3,1.1000000,
,,,13.0399996E-3,2.3320000,
,,,13.0439997E-3,3.12400007,
,,,13.0479997E-3,3.74000001,
,,,13.0519997E-3,4.09200001,
,,,13.0559998E-3,4.35599995,
,,,13.0599998E-3,4.48799992,
,,,13.0639998E-3,4.61999989,
,,,13.0679999E-3,4.70800018,
,,,13.0719999E-3,4.70800018,
,,,13.0759999E-3,4.75199986,
,,,13.0799999E-3,4.79600000,
,,,13.0840000E-3,4.79600000,
,,,13.0880000E-3,4.84000015,
,,,13.0920000E-3,4.79600000,
,,,13.0960001E-3,4.79600000,
,,,13.1000001E-3,4.79600000,
,,,13.1040001E-3,4.79600000,
,,,13.1080002E-3,4.79600000,
,,,13.1120002E-3,4.75199986,
,,,13.1160002E-3,4.79600000,
,,,13.1200003E-3,4.75199986,
,,,13.1240003E-3,4.79600000,
,,,13.1280003E-3,4.79600000,
,,,13.1320003E-3,4.84000015,
,,,13.1360004E-3,4.79600000,
,,,13.1400004E-3,4.79600000,
,,,13.1439995E-3,4.79600000,
,,,13.1479995E-3,4.79600000,
,,,13.1519996E-3,4.79600000,
,,,13.1559996E-3,4.75199986,
,,,13.1599996E-3,4.75199986,
,,,13.1639997E-3,4.75199986,
,,,13.1679997E-3,4.70800018,
,,,13.1719997E-3,4.75199986,
,,,13.1759997E-3,4.79600000,
,,,13.1799998E-3,4.75199986,
,,,13.1839998E-3,4.70800018,
,,,13.1879998E-3,4.70800018,
,,,13.1919999E-3,4.70800018,
,,,13.1959999E-3,4.70800018,
,,,13.1999999E-3,4.70800018,
,,,13.2040000E-3,4.70800018,
,,,13.2080000E-3,4.75199986,
,,,13.2120000E-3,4.70800018,
,,,13.2160001E-3,4.70800018,
,,,13.2200001E-3,4.70800018,
,,,13.2240001E-3,4.70800018,
,,,13.2280001E-3,4.70800018,
,,,13.2320002E-3,4.70800018,
,,,13.2360002E-3,4.70800018,
,,,13.2400002E-3,4.66400003,
,,,13.2440003E-3,4.61999989,
,,,13.2480003E-3,4.66400003,
,,,13.2520003E-3,4.61999989,
,,,13.2560004E-3,4.66400003,
,,,13.2600004E-3,4.66400003,
,,,13.2640004E-3,4.66400003,
,,,13.2679995E-3,4.66400003,
,,,13.2719995E-3,4.66400003,
,,,13.2759996E-3,4.66400003,
,,,13.2799996E-3,4.66400003,
,,,13.2839996E-3,4.70800018,
,,,13.2879997E-3,4.66400003,
,,,13.2919997E-3,4.61999989,
,,,13.2959997E-3,4.61999989,
,,,13.2999998E-3,4.66400003,
,,,13.3039998E-3,4.66400003,
,,,13.3079998E-3,4.61999989,
,,,13.3119998E-3,4.61999989,
,,,13.3159999E-3,4.66400003,
,,,13.3199999E-3,4.61999989,
,,,13.3239999E-3,4.53200006,
,,,13.3280000E-3,4.57600021,
,,,13.3320000E-3,4.53200006,
,,,13.3360000E-3,4.57600021,
,,,13.3400001E-3,4.53200006,
,,,13.3440001E-3,4.53200006,
,,,13.3480001E-3,4.53200006,
,,,13.3520002E-3,4.57600021,
,,,13.3560002E-3,4.53200006,
,,,13.3600002E-3,4.57600021,
,,,13.3640002E-3,4.48799992,
,,,13.3680003E-3,4.53200006,
,,,13.3720003E-3,4.48799992,
,,,13.3760003E-3,4.48799992,
,,,13.3800004E-3,4.44399977,
,,,13.3840004E-3,4.48799992,
,,,13.3879995E-3,4.48799992,
,,,13.3919995E-3,4.48799992,
,,,13.3959996E-3,4.48799992,
,,,13.3999996E-3,4.53200006,
,,,13.4039996E-3,4.48799992,
,,,13.4079996E-3,4.48799992,
,,,13.4119997E-3,4.48799992,
,,,13.4159997E-3,4.44399977,
,,,13.4199997E-3,4.44399977,
,,,13.4239998E-3,4.44399977,
,,,13.4279998E-3,4.48799992,
,,,13.4319998E-3,4.44399977,
,,,13.4359999E-3,4.44399977,
,,,13.4399999E-3,4.40000010,
,,,13.4439999E-3,4.44399977,
,,,13.4480000E-3,4.40000010,
,,,13.4520000E-3,4.35599995,
,,,13.4560000E-3,4.40000010,
,,,13.4600000E-3,4.40000010,
,,,13.4640001E-3,4.40000010,
,,,13.4680001E-3,4.40000010,
,,,13.4720001E-3,4.35599995,
,,,13.4760002E-3,4.40000010,
,,,13.4800002E-3,4.35599995,
,,,13.4840002E-3,4.35599995,
,,,13.4880003E-3,4.35599995,
,,,13.4920003E-3,4.31199980,
,,,13.4960003E-3,4.35599995,
,,,13.5000004E-3,4.35599995,
,,,13.5040004E-3,4.31199980,
,,,13.5080004E-3,4.31199980,
,,,13.5119995E-3,4.31199980,
,,,13.5159995E-3,4.31199980,
,,,13.5199996E-3,4.31199980,
,,,13.5239996E-3,4.31199980,
,,,13.5279996E-3,4.31199980,
,,,13.5319997E-3,4.26800013,
,,,13.5359997E-3,4.31199980,
,,,13.5399997E-3,4.26800013,
,,,13.5439998E-3,4.22399998,
,,,13.5479998E-3,4.26800013,
,,,13.5519998E-3,4.22399998,
,,,13.5559998E-3,4.22399998,
,,,13.5599999E-3,4.22399998,
,,,13.5639999E-3,4.22399998,
,,,13.5679999E-3,4.22399998,
,,,13.5720000E-3,4.22399998,
,,,13.5760000E-3,4.22399998,
,,,13.5800000E-3,4.09200001,
,,,13.5840001E-3,4.13600016,
,,,13.5880001E-3,4.13600016,
,,,13.5920001E-3,4.13600016,
,,,13.5960001E-3,4.09200001,
,,,13.6000002E-3,4.13600016,
,,,13.6040002E-3,4.13600016,
,,,13.6080002E-3,4.09200001,
,,,13.6120003E-3,4.09200001,
,,,13.6160003E-3,4.09200001,
,,,13.6200003E-3,4.09200001,
,,,13.6240004E-3,4.04799986,
,,,13.6280004E-3,4.04799986,
,,,13.6319995E-3,4.04799986,
,,,13.6359995E-3,4.04799986,
,,,13.6399996E-3,4.04799986,
,,,13.6439996E-3,4.00400019,
,,,13.6479996E-3,4.00400019,
,,,13.6519996E-3,4.04799986,
,,,13.6559997E-3,4.00400019,
,,,13.6599997E-3,4.00400019,
,,,13.6639997E-3,3.96000004,
,,,13.6679998E-3,4.00400019,
,,,13.6719998E-3,3.96000004,
,,,13.6759998E-3,3.96000004,
,,,13.6799999E-3,3.96000004,
,,,13.6839999E-3,3.96000004,
,,,13.6879999E-3,3.96000004,
,,,13.6919999E-3,3.96000004,
,,,13.6960000E-3,3.91599989,
,,,13.7000000E-3,3.96000004,
,,,13.7040000E-3,3.91599989,
,,,13.7080001E-3,3.91599989,
,,,13.7120001E-3,3.91599989,
,,,13.7160001E-3,3.87199998,
,,,13.7200002E-3,3.91599989,
,,,13.7240002E-3,3.91599989,
,,,13.7280002E-3,3.87199998,
,,,13.7320003E-3,3.82800007,
,,,13.7360003E-3,3.87199998,
,,,13.7400003E-3,3.91599989,
,,,13.7440003E-3,3.87199998,
,,,13.7480004E-3,3.87199998,
,,,13.7520004E-3,3.87199998,
,,,13.7559995E-3,3.82800007,
,,,13.7599995E-3,3.82800007,
,,,13.7639996E-3,3.78399992,
,,,13.7679996E-3,3.74000001,
,,,13.7719996E-3,3.78399992,
,,,13.7759997E-3,3.78399992,
,,,13.7799997E-3,3.82800007,
,,,13.7839997E-3,3.74000001,
,,,13.7879997E-3,3.74000001,
,,,13.7919998E-3,3.78399992,
,,,13.7959998E-3,3.74000001,
,,,13.7999998E-3,3.69600010,
,,,13.8039999E-3,3.69600010,
,,,13.8079999E-3,3.69600010,
,,,13.8119999E-3,3.69600010,
,,,13.8160000E-3,3.65199995,
,,,13.8200000E-3,3.69600010,
,,,13.8240000E-3,3.69600010,
,,,13.8280001E-3,3.65199995,
,,,13.8320001E-3,3.65199995,
,,,13.8360001E-3,3.56399989,
,,,13.8400001E-3,3.56399989,
,,,13.8440002E-3,3.60800004,
,,,13.8480002E-3,3.60800004,
,,,13.8520002E-3,3.60800004,
,,,13.8560003E-3,3.60800004,
,,,13.8600003E-3,3.56399989,
,,,13.8640003E-3,3.56399989,
,,,13.8680004E-3,3.56399989,
,,,13.8720004E-3,3.56399989,
,,,13.8760004E-3,3.60800004,
,,,13.8799995E-3,3.56399989,
,,,13.8839995E-3,3.51999998,
,,,13.8879996E-3,3.51999998,
,,,13.8919996E-3,3.51999998,
,,,13.8959996E-3,3.51999998,
,,,13.8999997E-3,3.47600007,
,,,13.9039997E-3,3.47600007,
,,,13.9079997E-3,3.47600007,
,,,13.9119998E-3,3.47600007,
,,,13.9159998E-3,3.43199992,
,,,13.9199998E-3,3.43199992,
,,,13.9239999E-3,3.38800001,
,,,13.9279999E-3,3.38800001,
,,,13.9319999E-3,3.38800001,
,,,13.9359999E-3,3.38800001,
,,,13.9400000E-3,3.38800001,
,,,13.9440000E-3,3.38800001,
,,,13.9480000E-3,3.38800001,
,,,13.9520001E-3,3.38800001,
,,,13.9560001E-3,3.34399986,
,,,13.9600001E-3,3.34399986,
,,,13.9640002E-3,3.29999995,
,,,13.9680002E-3,3.29999995,
,,,13.9720002E-3,3.25600004,
,,,13.9760002E-3,3.25600004,
,,,13.9800003E-3,3.25600004,
,,,13.9840003E-3,3.25600004,
,,,13.9880003E-3,3.25600004,
,,,13.9920004E-3,3.25600004,
,,,13.9960004E-3,3.25600004,
,,,13.9999995E-3,3.21199989,
,,,14.0039995E-3,3.21199989,
,,,14.0079996E-3,3.25600004,
,,,14.0119996E-3,3.21199989,
,,,14.0159996E-3,3.16799998,
,,,14.0199997E-3,3.21199989,
,,,14.0239997E-3,3.16799998,
,,,14.0279997E-3,3.16799998,
,,,14.0319997E-3,3.12400007,
,,,14.0359998E-3,3.12400007,
,,,14.0399998E-3,3.12400007,
,,,14.0439998E-3,3.12400007,
,,,14.0479999E-3,3.12400007,
,,,14.0519999E-3,3.12400007,
,,,14.0559999E-3,3.12400007,
,,,14.0600000E-3,3.16799998,
,,,14.0640000E-3,3.07999992,
,,,14.0680000E-3,3.07999992,
,,,14.0720000E-3,3.07999992,
,,,14.0760001E-3,3.07999992,
,,,14.0800001E-3,3.07999992,
,,,14.0840001E-3,2.99200010,
,,,14.0880002E-3,3.03600001,
,,,14.0920002E-3,2.99200010,
,,,14.0960002E-3,3.03600001,
,,,14.1000003E-3,3.03600001,
,,,14.1040003E-3,2.99200010,
,,,14.1080003E-3,2.99200010,
,,,14.1120004E-3,2.99200010,
,,,14.1160004E-3,2.94799995,
,,,14.1200004E-3,2.94799995,
,,,14.1239995E-3,2.90400004,
,,,14.1279995E-3,2.94799995,
,,,14.1319996E-3,2.94799995,
,,,14.1359996E-3,2.90400004,
,,,14.1399996E-3,2.90400004,
,,,14.1439997E-3,2.85999990,
,,,14.1479997E-3,2.85999990,
,,,14.1519997E-3,2.85999990,
,,,14.1559998E-3,2.85999990,
,,,14.1599998E-3,2.81599998,
,,,14.1639998E-3,2.81599998,
,,,14.1679998E-3,2.81599998,
,,,14.1719999E-3,2.85999990,
,,,14.1759999E-3,2.81599998,
,,,14.1799999E-3,2.77200007,
,,,14.1840000E-3,2.77200007,
,,,14.1880000E-3,2.77200007,
,,,14.1920000E-3,2.81599998,
,,,14.1960001E-3,2.85999990,
,,,14.2000001E-3,2.77200007,
,,,14.2040001E-3,2.77200007,
,,,14.2080002E-3,2.72799993,
,,,14.2120002E-3,2.77200007,
,,,14.2160002E-3,2.72799993,
,,,14.2200002E-3,2.77200007,
,,,14.2240003E-3,2.72799993,
,,,14.2280003E-3,2.72799993,
,,,14.2320003E-3,2.77200007,
,,,14.2360004E-3,2.6840000,
,,,14.2400004E-3,2.72799993,
,,,14.2439995E-3,2.72799993,
,,,14.2479995E-3,2.72799993,
,,,14.2519996E-3,2.6840000,
,,,14.2559996E-3,2.6840000,
,,,14.2599996E-3,2.6840000,
,,,14.2639996E-3,2.6840000,
,,,14.2679997E-3,2.6399999,
,,,14.2719997E-3,2.6399999,
,,,14.2759997E-3,2.6840000,
,,,14.2799998E-3,2.6399999,
,,,14.2839998E-3,2.5960000,
,,,14.2879998E-3,2.5960000,
,,,14.2919999E-3,2.5960000,
,,,14.2959999E-3,2.5960000,
,,,14.2999999E-3,2.5960000,
,,,14.3040000E-3,2.5960000,
,,,14.3080000E-3,2.5520000,
,,,14.3120000E-3,2.5960000,
,,,14.3160000E-3,2.5960000,
,,,14.3200001E-3,2.5520000,
,,,14.3240001E-3,2.5520000,
,,,14.3280001E-3,2.5520000,
,,,14.3320002E-3,2.4640000,
,,,14.3360002E-3,2.4640000,
,,,14.3400002E-3,2.5079999,
,,,14.3440003E-3,2.4640000,
,,,14.3480003E-3,2.4640000,
,,,14.3520003E-3,2.4640000,
,,,14.3560003E-3,2.4200001,
,,,14.3600004E-3,2.4640000,
,,,14.3640004E-3,2.4640000,
,,,14.3679995E-3,2.4640000,
,,,14.3719995E-3,2.4640000,
,,,14.3759996E-3,2.4640000,
,,,14.3799996E-3,2.4640000,
,,,14.3839996E-3,2.4640000,
,,,14.3879997E-3,2.4640000,
,,,14.3919997E-3,2.4200001,
,,,14.3959997E-3,2.4200001,
,,,14.3999998E-3,2.3759999,
,,,14.4039998E-3,2.3759999,
,,,14.4079998E-3,2.3320000,
,,,14.4119998E-3,2.3759999,
,,,14.4159999E-3,2.3759999,
,,,14.4199999E-3,2.3320000,
,,,14.4239999E-3,2.3320000,
,,,14.4280000E-3,2.3320000,
,,,14.4320000E-3,2.3759999,
,,,14.4360000E-3,2.3320000,
,,,14.4400001E-3,2.3320000,
,,,14.4440001E-3,2.2880001,
,,,14.4480001E-3,2.2880001,
,,,14.4520001E-3,2.2880001,
,,,14.4560002E-3,2.2880001,
,,,14.4600002E-3,2.2880001,
,,,14.4640002E-3,2.2880001,
,,,14.4680003E-3,2.2880001,
,,,14.4720003E-3,2.2880001,
,,,14.4760003E-3,2.2880001,
,,,14.4800004E-3,2.2880001,
,,,14.4840004E-3,2.2880001,
,,,14.4879995E-3,2.2440000,
,,,14.4919995E-3,2.2440000,
,,,14.4959996E-3,2.2000000,
,,,14.4999996E-3,2.2000000,
,,,14.5039996E-3,2.2000000,
,,,14.5079996E-3,2.2440000,
,,,14.5119997E-3,2.2000000,
,,,14.5159997E-3,2.1559999,
,,,14.5199997E-3,2.1120000,
,,,14.5239998E-3,2.2000000,
,,,14.5279998E-3,2.2000000,
,,,14.5319998E-3,2.1559999,
,,,14.5359999E-3,2.1120000,
,,,14.5399999E-3,2.1559999,
,,,14.5439999E-3,2.1120000,
,,,14.5479999E-3,2.1559999,
,,,14.5520000E-3,2.1120000,
,,,14.5560000E-3,2.1120000,
,,,14.5600000E-3,2.1120000,
,,,14.5640001E-3,2.1120000,
,,,14.5680001E-3,2.0680001,
,,,14.5720001E-3,2.0239999,
,,,14.5760002E-3,2.0680001,
,,,14.5800002E-3,2.0239999,
,,,14.5840002E-3,2.0239999,
,,,14.5880003E-3,2.0680001,
,,,14.5920003E-3,2.0239999,
,,,14.5960003E-3,2.0680001,
,,,14.6000003E-3,2.0680001,
,,,14.6040004E-3,2.0680001,
,,,14.6080004E-3,2.0680001,
,,,14.6119995E-3,2.0680001,
,,,14.6159995E-3,2.0680001,
,,,14.6199996E-3,2.0680001,
,,,14.6239996E-3,2.0239999,
,,,14.6279996E-3,2.0680001,
,,,14.6319997E-3,2.0239999,
,,,14.6359997E-3,2.0239999,
,,,14.6399997E-3,1.9800000,
,,,14.6439997E-3,2.0239999,
,,,14.6479998E-3,1.9800000,
,,,14.6519998E-3,2.0239999,
,,,14.6559998E-3,2.0239999,
,,,14.6599999E-3,1.9800000,
,,,14.6639999E-3,1.9360000,
,,,14.6679999E-3,1.9800000,
,,,14.6720000E-3,1.9800000,
,,,14.6760000E-3,1.9800000,
,,,14.6800000E-3,1.9800000,
,,,14.6840001E-3,1.9360000,
,,,14.6880001E-3,1.9800000,
,,,14.6920001E-3,1.9360000,
,,,14.6960001E-3,1.9800000,
,,,14.7000002E-3,1.9360000,
,,,14.7040002E-3,1.9360000,
,,,14.7080002E-3,1.9360000,
,,,14.7120003E-3,1.8920000,
,,,14.7160003E-3,1.9360000,
,,,14.7200003E-3,1.9360000,
,,,14.7240004E-3,1.9360000,
,,,14.7280004E-3,1.8920000,
,,,14.7320004E-3,1.9360000,
,,,14.7359995E-3,1.9360000,
,,,14.7399995E-3,1.8920000,
,,,14.7439996E-3,1.8920000,
,,,14.7479996E-3,1.8920000,
,,,14.7519996E-3,1.8920000,
,,,14.7559997E-3,1.8920000,
,,,14.7599997E-3,1.8480000,
,,,14.7639997E-3,1.8480000,
,,,14.7679998E-3,1.8040000,
,,,14.7719998E-3,1.8040000,
,,,14.7759998E-3,1.8040000,
,,,14.7799999E-3,1.8040000,
,,,14.7839999E-3,1.8040000,
,,,14.7879999E-3,1.8480000,
,,,14.7919999E-3,1.8040000,
,,,14.7960000E-3,1.8040000,
,,,14.8000000E-3,1.8040000,
,,,14.8040000E-3,1.7600000,
,,,14.8080001E-3,1.8040000,
,,,14.8120001E-3,1.8040000,
,,,14.8160001E-3,1.7600000,
,,,14.8200002E-3,1.7600000,
,,,14.8240002E-3,1.7600000,
,,,14.8280002E-3,1.7600000,
,,,14.8320002E-3,1.7600000,
,,,14.8360003E-3,1.7600000,
,,,14.8400003E-3,1.7160000,
,,,14.8440003E-3,1.7600000,
,,,14.8480004E-3,1.7600000,
,,,14.8520004E-3,1.7160000,
,,,14.8559995E-3,1.7160000,
,,,14.8599995E-3,1.7160000,
,,,14.8639996E-3,1.7600000,
,,,14.8679996E-3,1.7160000,
,,,14.8719996E-3,1.7160000,
,,,14.8759997E-3,1.6719999,
,,,14.8799997E-3,1.6719999,
,,,14.8839997E-3,1.7160000,
,,,14.8879997E-3,1.7160000,
,,,14.8919998E-3,1.6719999,
,,,14.8959998E-3,1.7160000,
,,,14.8999998E-3,1.6719999,
,,,14.9039999E-3,1.7160000,
,,,14.9079999E-3,1.6719999,
,,,14.9119999E-3,1.6719999,
,,,14.9160000E-3,1.6719999,
,,,14.9200000E-3,1.6719999,
,,,14.9240000E-3,1.6719999,
,,,14.9280000E-3,1.6719999,
,,,14.9320001E-3,1.6280000,
,,,14.9360001E-3,1.6280000,
,,,14.9400001E-3,1.6280000,
,,,14.9440002E-3,1.6280000,
,,,14.9480002E-3,1.6280000,
,,,14.9520002E-3,1.6280000,
,,,14.9560003E-3,1.6280000,
,,,14.9600003E-3,1.5840000,
,,,14.9640003E-3,1.5840000,
,,,14.9680004E-3,1.5840000,
,,,14.9720004E-3,1.5840000,
,,,14.9760004E-3,1.5840000,
,,,14.9799995E-3,1.5840000,
,,,14.9839995E-3,1.5400000,
,,,14.9879996E-3,1.5840000,
,,,14.9919996E-3,1.5840000,
,,,14.9959996E-3,1.5840000,
,,,14.9999997E-3,1.6280000,
,,,15.0039997E-3,1.5840000,
,,,15.0079997E-3,1.5840000,
,,,15.0119998E-3,1.6280000,
,,,15.0159998E-3,1.5840000,
,,,15.0199998E-3,1.5840000,
,,,15.0239998E-3,1.5400000,
,,,15.0279999E-3,1.5840000,
,,,15.0319999E-3,1.5840000,
,,,15.0359999E-3,1.5840000,
,,,15.0400000E-3,1.5400000,
,,,15.0440000E-3,1.4960001,
,,,15.0480000E-3,1.5400000,
,,,15.0520001E-3,1.5400000,
,,,15.0560001E-3,1.5400000,
,,,15.0600001E-3,1.5400000,
,,,15.0640002E-3,1.5400000,
,,,15.0680002E-3,1.5400000,
,,,15.0720002E-3,1.5400000,
,,,15.0760002E-3,1.5400000,
,,,15.0800003E-3,1.4960001,
,,,15.0840003E-3,1.4520000,
,,,15.0880003E-3,1.4960001,
,,,15.0920004E-3,1.5400000,
,,,15.0960004E-3,1.5400000,
,,,15.0999995E-3,1.5400000,
,,,15.1039995E-3,1.4520000,
,,,15.1079996E-3,1.4960001,
,,,15.1119996E-3,1.4960001,
,,,15.1159996E-3,1.4520000,
,,,15.1199996E-3,1.4960001,
,,,15.1239997E-3,1.4520000,
,,,15.1279997E-3,1.4520000,
,,,15.1319997E-3,1.4520000,
,,,15.1359998E-3,1.3640000,
,,,15.1399998E-3,1.3640000,
,,,15.1439998E-3,1.4080000,
,,,15.1479999E-3,1.4080000,
,,,15.1519999E-3,1.4080000,
,,,15.1559999E-3,1.4520000,
,,,15.1600000E-3,1.4520000,
,,,15.1640000E-3,1.4080000,
,,,15.1680000E-3,1.4080000,
,,,15.1720000E-3,1.4080000,
,,,15.1760001E-3,1.4080000,
,,,15.1800001E-3,1.4080000,
,,,15.1840001E-3,1.4080000,
,,,15.1880002E-3,1.4080000,
,,,15.1920002E-3,1.4080000,
,,,15.1960002E-3,1.4080000,
,,,15.2000003E-3,1.4080000,
,,,15.2040003E-3,1.4520000,
,,,15.2080003E-3,1.3199999,
,,,15.2120003E-3,1.3640000,
,,,15.2160004E-3,1.3640000,
,,,15.2200004E-3,1.3640000,
,,,15.2239995E-3,1.3199999,
,,,15.2279995E-3,1.3199999,
,,,15.2319996E-3,1.3199999,
,,,15.2359996E-3,1.3199999,
,,,15.2399996E-3,1.3640000,
,,,15.2439997E-3,1.3640000,
,,,15.2479997E-3,1.3640000,
,,,15.2519997E-3,1.3640000,
,,,15.2559998E-3,1.3199999,
,,,15.2599998E-3,1.3199999,
,,,15.2639998E-3,1.3199999,
,,,15.2679998E-3,1.3199999,
,,,15.2719999E-3,1.3199999,
,,,15.2759999E-3,1.3640000,
,,,15.2799999E-3,1.3640000,
,,,15.2840000E-3,1.3199999,
,,,15.2880000E-3,1.3199999,
,,,15.2920000E-3,1.3640000,
,,,15.2960001E-3,1.3199999,
,,,15.3000001E-3,1.3199999,
,,,15.3040001E-3,1.3199999,
,,,15.3080001E-3,1.3199999,
,,,15.3120002E-3,1.3199999,
,,,15.3160002E-3,1.3199999,
,,,15.3200002E-3,1.3199999,
,,,15.3240003E-3,1.3199999,
,,,15.3280003E-3,1.2760000,
,,,15.3320003E-3,1.2760000,
,,,15.3360004E-3,1.2760000,
,,,15.3400004E-3,1.3199999,
,,,15.3439995E-3,1.3199999,
,,,15.3479995E-3,1.2760000,
,,,15.3519996E-3,1.2760000,
,,,15.3559996E-3,1.2760000,
,,,15.3599996E-3,1.2760000,
,,,15.3639996E-3,1.2760000,
,,,15.3679997E-3,1.3199999,
,,,15.3719997E-3,1.3199999,
,,,15.3759997E-3,1.3199999,
,,,15.3799998E-3,1.3199999,
,,,15.3839998E-3,1.2760000,
,,,15.3879998E-3,1.3199999,
,,,15.3919999E-3,1.3199999,
,,,15.3959999E-3,1.2760000,
,,,15.3999999E-3,1.2320000,
,,,15.4039999E-3,1.2760000,
,,,15.4080000E-3,1.2760000,
,,,15.4120000E-3,1.2760000,
,,,15.4160000E-3,1.3199999,
,,,15.4200001E-3,1.3199999,
,,,15.4240001E-3,1.3199999,
,,,15.4280001E-3,1.2760000,
,,,15.4320002E-3,1.2760000,
,,,15.4360002E-3,1.3199999,
,,,15.4400002E-3,1.2760000,
,,,15.4440003E-3,1.2760000,
,,,15.4480003E-3,1.2760000,
,,,15.4520003E-3,1.2320000,
,,,15.4560003E-3,1.2320000,
,,,15.4600004E-3,1.2760000,
,,,15.4640004E-3,1.2760000,
,,,15.4679995E-3,1.2760000,
,,,15.4719995E-3,1.2320000,
,,,15.4759996E-3,1.1880000,
,,,15.4799996E-3,1.1880000,
,,,15.4839996E-3,1.2320000,
,,,15.4879997E-3,1.2320000,
,,,15.4919997E-3,1.1880000,
,,,15.4959997E-3,1.2320000,
,,,15.4999997E-3,1.1880000,
,,,15.5039998E-3,1.2320000,
,,,15.5079998E-3,1.2320000,
,,,15.5119998E-3,1.1880000,
,,,15.5159999E-3,1.2320000,
,,,15.5199999E-3,1.1880000,
,,,15.5239999E-3,1.1880000,
,,,15.5280000E-3,1.2320000,
,,,15.5320000E-3,1.1880000,
,,,15.5360000E-3,1.1880000,
,,,15.5400001E-3,1.1880000,
,,,15.5440001E-3,1.1880000,
,,,15.5480001E-3,1.1880000,
,,,15.5520001E-3,1.1880000,
,,,15.5560002E-3,1.1440001,
,,,15.5600002E-3,1.1440001,
,,,15.5640002E-3,1.1440001,
,,,15.5680003E-3,1.1440001,
,,,15.5720003E-3,1.1440001,
,,,15.5760003E-3,1.1440001,
,,,15.5800004E-3,1.1000000,
,,,15.5840004E-3,1.1440001,
,,,15.5880004E-3,1.1880000,
,,,15.5919995E-3,1.1440001,
,,,15.5959995E-3,1.1880000,
,,,15.5999996E-3,1.1880000,
,,,15.6039996E-3,1.1440001,
,,,15.6079996E-3,1.1440001,
,,,15.6119997E-3,1.1440001,
,,,15.6159997E-3,1.1440001,
,,,15.6199997E-3,1.1440001,
,,,15.6239998E-3,1.1440001,
,,,15.6280007E-3,1.1440001,
,,,15.6319998E-3,1.1440001,
,,,15.6360008E-3,1.1000000,
,,,15.6399999E-3,1.1000000,
,,,15.6440008E-3,1.1000000,
,,,15.6479999E-3,1.1000000,
,,,15.6519990E-3,1.1000000,
,,,15.6560000E-3,1.1440001,
,,,15.6599991E-3,1.1440001,
,,,15.6640001E-3,1.1000000,
,,,15.6679992E-3,1.1000000,
,,,15.6720001E-3,1.1440001,
,,,15.6759992E-3,1.1440001,
,,,15.6800002E-3,1.1440001,
,,,15.6839993E-3,1.1880000,
,,,15.6880002E-3,1.1440001,
,,,15.6919993E-3,1.1440001,
,,,15.6960003E-3,1.1440001,
,,,15.6999994E-3,1.1000000,
,,,15.7040004E-3,1.1000000,
,,,15.7079995E-3,1.1000000,
,,,15.7120004E-3,1.1000000,
,,,15.7159995E-3,1.0560000,
,,,15.7200005E-3,1.1000000,
,,,15.7239996E-3,1.1000000,
,,,15.7280006E-3,1.1000000,
,,,15.7319997E-3,1.1000000,
,,,15.7360006E-3,1.0560000,
,,,15.7399997E-3,1.0560000,
,,,15.7440007E-3,1.0560000,
,,,15.7479998E-3,1.1000000,
,,,15.7520007E-3,1.0560000,
,,,15.7559998E-3,1.1000000,
,,,15.7600008E-3,1.0560000,
,,,15.7639999E-3,1.1000000,
,,,15.7680009E-3,1.0560000,
,,,15.7720000E-3,1.1000000,
,,,15.7759991E-3,1.1440001,
,,,15.7800000E-3,1.0560000,
,,,15.7839991E-3,1.1000000,
,,,15.7880001E-3,1.0560000,
,,,15.7919992E-3,967.999994755E-3,
,,,15.7960001E-3,1.0120000,
,,,15.7999992E-3,1.0120000,
,,,15.8040002E-3,1.0120000,
,,,15.8079993E-3,1.0120000,
,,,15.8120003E-3,1.0120000,
,,,15.8159994E-3,967.999994755E-3,
,,,15.8200003E-3,1.0120000,
,,,15.8239994E-3,1.0120000,
,,,15.8280004E-3,1.0560000,
,,,15.8319995E-3,1.0560000,
,,,15.8360004E-3,1.0560000,
,,,15.8399995E-3,1.0560000,
,,,15.8440005E-3,1.1000000,
,,,15.8479996E-3,1.0560000,
,,,15.8520006E-3,1.1000000,
,,,15.8559997E-3,1.0120000,
,,,15.8600006E-3,1.1000000,
,,,15.8639997E-3,1.0560000,
,,,15.8680007E-3,1.0120000,
,,,15.8719998E-3,1.0120000,
,,,15.8760007E-3,1.0120000,
,,,15.8799998E-3,1.0120000,
,,,15.8840008E-3,967.999994755E-3,
,,,15.8879999E-3,1.0560000,
,,,15.8920009E-3,1.0120000,
,,,15.8960000E-3,967.999994755E-3,
,,,15.8999991E-3,967.999994755E-3,
,,,15.9040000E-3,967.999994755E-3,
,,,15.9079991E-3,967.999994755E-3,
,,,15.9120001E-3,967.999994755E-3,
,,,15.9159992E-3,1.0120000,
,,,15.9200002E-3,924.000024796E-3,
,,,15.9239992E-3,1.0120000,
,,,15.9280002E-3,967.999994755E-3,
,,,15.9319993E-3,967.999994755E-3,
,,,15.9360003E-3,967.999994755E-3,
,,,15.9399994E-3,924.000024796E-3,
,,,15.9440003E-3,967.999994755E-3,
,,,15.9479994E-3,1.0120000,
,,,15.9520004E-3,1.0120000,
,,,15.9559995E-3,967.999994755E-3,
,,,15.9600005E-3,967.999994755E-3,
,,,15.9639996E-3,967.999994755E-3,
,,,15.9680005E-3,967.999994755E-3,
,,,15.9719996E-3,967.999994755E-3,
,,,15.9760006E-3,924.000024796E-3,
,,,15.9799997E-3,967.999994755E-3,
,,,15.9840006E-3,924.000024796E-3,
,,,15.9879997E-3,967.999994755E-3,
,,,15.9920007E-3,924.000024796E-3,
,,,15.9959998E-3,967.999994755E-3,
,,,16.0000008E-3,967.999994755E-3,
,,,16.0039999E-3,924.000024796E-3,
,,,16.0080008E-3,879.999995232E-3,
,,,16.0119999E-3,924.000024796E-3,
,,,16.0160009E-3,879.999995232E-3,
,,,16.0200000E-3,967.999994755E-3,
,,,16.0239991E-3,879.999995232E-3,
,,,16.0280000E-3,879.999995232E-3,
,,,16.0319991E-3,967.999994755E-3,
,,,16.0360001E-3,924.000024796E-3,
,,,16.0399992E-3,924.000024796E-3,
,,,16.0440002E-3,924.000024796E-3,
,,,16.0479993E-3,924.000024796E-3,
,,,16.0520002E-3,924.000024796E-3,
,,,16.0559993E-3,967.999994755E-3,
,,,16.0600003E-3,924.000024796E-3,
,,,16.0639994E-3,924.000024796E-3,
,,,16.0680003E-3,924.000024796E-3,
,,,16.0719994E-3,924.000024796E-3,
,,,16.0760004E-3,924.000024796E-3,
,,,16.0799995E-3,967.999994755E-3,
,,,16.0840005E-3,924.000024796E-3,
,,,16.0879996E-3,967.999994755E-3,
,,,16.0920005E-3,924.000024796E-3,
,,,16.0959996E-3,924.000024796E-3,
,,,16.1000006E-3,924.000024796E-3,
,,,16.1039997E-3,924.000024796E-3,
,,,16.1080007E-3,967.999994755E-3,
,,,16.1119998E-3,924.000024796E-3,
,,,16.1160007E-3,924.000024796E-3,
,,,16.1199998E-3,924.000024796E-3,
,,,16.1240008E-3,879.999995232E-3,
,,,16.1279999E-3,879.999995232E-3,
,,,16.1320008E-3,879.999995232E-3,
,,,16.1359999E-3,879.999995232E-3,
,,,16.1399990E-3,924.000024796E-3,
,,,16.1440000E-3,879.999995232E-3,
,,,16.1479991E-3,924.000024796E-3,
,,,16.1520001E-3,967.999994755E-3,
,,,16.1559992E-3,924.000024796E-3,
,,,16.1600001E-3,924.000024796E-3,
,,,16.1639992E-3,879.999995232E-3,
,,,16.1680002E-3,924.000024796E-3,
,,,16.1719993E-3,879.999995232E-3,
,,,16.1760002E-3,879.999995232E-3,
,,,16.1799993E-3,924.000024796E-3,
,,,16.1840003E-3,879.999995232E-3,
,,,16.1879994E-3,879.999995232E-3,
,,,16.1920004E-3,879.999995232E-3,
,,,16.1959995E-3,879.999995232E-3,
,,,16.2000004E-3,879.999995232E-3,
,,,16.2039995E-3,879.999995232E-3,
,,,16.2080005E-3,879.999995232E-3,
,,,16.2119996E-3,879.999995232E-3,
,,,16.2160005E-3,879.999995232E-3,
,,,16.2199996E-3,835.999965668E-3,
,,,16.2240006E-3,879.999995232E-3,
,,,16.2279997E-3,924.000024796E-3,
,,,16.2320007E-3,879.999995232E-3,
,,,16.2359998E-3,879.999995232E-3,
,,,16.2400007E-3,879.999995232E-3,
,,,16.2439998E-3,835.999965668E-3,
,,,16.2480008E-3,835.999965668E-3,
,,,16.2519999E-3,835.999965668E-3,
,,,16.2560008E-3,879.999995232E-3,
,,,16.2599999E-3,835.999965668E-3,
,,,16.2639990E-3,835.999965668E-3,
,,,16.2680000E-3,879.999995232E-3,
,,,16.2719991E-3,879.999995232E-3,
,,,16.2760001E-3,879.999995232E-3,
,,,16.2799992E-3,879.999995232E-3,
,,,16.2840001E-3,879.999995232E-3,
,,,16.2879992E-3,835.999965668E-3,
,,,16.2920002E-3,835.999965668E-3,
,,,16.2959993E-3,791.999995708E-3,
,,,16.3000003E-3,835.999965668E-3,
,,,16.3039993E-3,835.999965668E-3,
,,,16.3080003E-3,835.999965668E-3,
,,,16.3119994E-3,879.999995232E-3,
,,,16.3160004E-3,835.999965668E-3,
,,,16.3199995E-3,791.999995708E-3,
,,,16.3240004E-3,791.999995708E-3,
,,,16.3279995E-3,791.999995708E-3,
,,,16.3320005E-3,791.999995708E-3,
,,,16.3359996E-3,835.999965668E-3,
,,,16.3400006E-3,835.999965668E-3,
,,,16.3439997E-3,835.999965668E-3,
,,,16.3480006E-3,835.999965668E-3,
,,,16.3519997E-3,835.999965668E-3,
,,,16.3560007E-3,835.999965668E-3,
,,,16.3599998E-3,835.999965668E-3,
,,,16.3640007E-3,791.999995708E-3,
,,,16.3679998E-3,835.999965668E-3,
,,,16.3720008E-3,835.999965668E-3,
,,,16.3759999E-3,835.999965668E-3,
,,,16.3800009E-3,791.999995708E-3,
,,,16.3840000E-3,835.999965668E-3,
,,,16.3879991E-3,791.999995708E-3,
,,,16.3920000E-3,835.999965668E-3,
,,,16.3959991E-3,791.999995708E-3,
,,,16.4000001E-3,791.999995708E-3,
,,,16.4039992E-3,791.999995708E-3,
,,,16.4080001E-3,835.999965668E-3,
,,,16.4119992E-3,791.999995708E-3,
,,,16.4160002E-3,791.999995708E-3,
,,,16.4199993E-3,748.000025749E-3,
,,,16.4240003E-3,791.999995708E-3,
,,,16.4279994E-3,791.999995708E-3,
,,,16.4320003E-3,835.999965668E-3,
,,,16.4359994E-3,835.999965668E-3,
,,,16.4400004E-3,791.999995708E-3,
,,,16.4439995E-3,791.999995708E-3,
,,,16.4480004E-3,791.999995708E-3,
,,,16.4519995E-3,791.999995708E-3,
,,,16.4560005E-3,835.999965668E-3,
,,,16.4599996E-3,835.999965668E-3,
,,,16.4640006E-3,835.999965668E-3,
,,,16.4679997E-3,879.999995232E-3,
,,,16.4720006E-3,791.999995708E-3,
,,,16.4759997E-3,748.000025749E-3,
,,,16.4800007E-3,791.999995708E-3,
,,,16.4839998E-3,791.999995708E-3,
,,,16.4880008E-3,791.999995708E-3,
,,,16.4919998E-3,748.000025749E-3,
,,,16.4960008E-3,748.000025749E-3,
,,,16.4999999E-3,748.000025749E-3,
,,,16.5040009E-3,791.999995708E-3,
,,,16.5080000E-3,835.999965668E-3,
,,,16.5119991E-3,748.000025749E-3,
,,,16.5160000E-3,748.000025749E-3,
,,,16.5199991E-3,791.999995708E-3,
,,,16.5240001E-3,748.000025749E-3,
,,,16.5279992E-3,748.000025749E-3,
,,,16.5320002E-3,791.999995708E-3,
,,,16.5359993E-3,748.000025749E-3,
,,,16.5400002E-3,748.000025749E-3,
,,,16.5439993E-3,791.999995708E-3,
,,,16.5480003E-3,748.000025749E-3,
,,,16.5519994E-3,748.000025749E-3,
,,,16.5560003E-3,791.999995708E-3,
,,,16.5599994E-3,748.000025749E-3,
,,,16.5640004E-3,791.999995708E-3,
,,,16.5679995E-3,791.999995708E-3,
,,,16.5720005E-3,791.999995708E-3,
,,,16.5759996E-3,748.000025749E-3,
,,,16.5800005E-3,748.000025749E-3,
,,,16.5839996E-3,748.000025749E-3,
,,,16.5880006E-3,748.000025749E-3,
,,,16.5919997E-3,748.000025749E-3,
,,,16.5960006E-3,748.000025749E-3,
,,,16.5999997E-3,748.000025749E-3,
,,,16.6040007E-3,703.999996185E-3,
,,,16.6079998E-3,703.999996185E-3,
,,,16.6120008E-3,659.999966621E-3,
,,,16.6159999E-3,748.000025749E-3,
,,,16.6200008E-3,748.000025749E-3,
,,,16.6239999E-3,748.000025749E-3,
,,,16.6279990E-3,748.000025749E-3,
,,,16.6320000E-3,703.999996185E-3,
,,,16.6359991E-3,748.000025749E-3,
,,,16.6400000E-3,703.999996185E-3,
,,,16.6439991E-3,748.000025749E-3,
,,,16.6480001E-3,748.000025749E-3,
,,,16.6519992E-3,748.000025749E-3,
,,,16.6560002E-3,748.000025749E-3,
,,,16.6599993E-3,748.000025749E-3,
,,,16.6640002E-3,703.999996185E-3,
,,,16.6679993E-3,703.999996185E-3,
,,,16.6720003E-3,703.999996185E-3,
,,,16.6759994E-3,659.999966621E-3,
,,,16.6800003E-3,703.999996185E-3,
,,,16.6839994E-3,748.000025749E-3,
,,,16.6880004E-3,703.999996185E-3,
,,,16.6919995E-3,703.999996185E-3,
,,,16.6960005E-3,748.000025749E-3,
,,,16.6999996E-3,703.999996185E-3,
,,,16.7040005E-3,659.999966621E-3,
,,,16.7079996E-3,703.999996185E-3,
,,,16.7120006E-3,703.999996185E-3,
,,,16.7159997E-3,703.999996185E-3,
,,,16.7200007E-3,748.000025749E-3,
,,,16.7239998E-3,748.000025749E-3,
,,,16.7280007E-3,703.999996185E-3,
,,,16.7319998E-3,659.999966621E-3,
,,,16.7360008E-3,703.999996185E-3,
,,,16.7399999E-3,659.999966621E-3,
,,,16.7440008E-3,703.999996185E-3,
,,,16.7479999E-3,659.999966621E-3,
,,,16.7519990E-3,659.999966621E-3,
,,,16.7560000E-3,659.999966621E-3,
,,,16.7599991E-3,703.999996185E-3,
,,,16.7640001E-3,659.999966621E-3,
,,,16.7679992E-3,659.999966621E-3,
,,,16.7720001E-3,659.999966621E-3,
,,,16.7759992E-3,703.999996185E-3,
,,,16.7800002E-3,748.000025749E-3,
,,,16.7839993E-3,703.999996185E-3,
,,,16.7880002E-3,703.999996185E-3,
,,,16.7919993E-3,703.999996185E-3,
,,,16.7960003E-3,748.000025749E-3,
,,,16.7999994E-3,659.999966621E-3,
,,,16.8040004E-3,748.000025749E-3,
,,,16.8079995E-3,659.999966621E-3,
,,,16.8120004E-3,659.999966621E-3,
,,,16.8159995E-3,659.999966621E-3,
,,,16.8200005E-3,659.999966621E-3,
,,,16.8239996E-3,659.999966621E-3,
,,,16.8280005E-3,659.999966621E-3,
,,,16.8319996E-3,659.999966621E-3,
,,,16.8360006E-3,703.999996185E-3,
,,,16.8399997E-3,703.999996185E-3,
,,,16.8440007E-3,659.999966621E-3,
,,,16.8479998E-3,659.999966621E-3,
,,,16.8520007E-3,659.999966621E-3,
,,,16.8559998E-3,615.999996662E-3,
,,,16.8600008E-3,659.999966621E-3,
,,,16.8639999E-3,659.999966621E-3,
,,,16.8680009E-3,615.999996662E-3,
,,,16.8719999E-3,659.999966621E-3,
,,,16.8759990E-3,615.999996662E-3,
,,,16.8800000E-3,659.999966621E-3,
,,,16.8839991E-3,615.999996662E-3,
,,,16.8880001E-3,615.999996662E-3,
,,,16.8919992E-3,659.999966621E-3,
,,,16.8960001E-3,615.999996662E-3,
,,,16.8999992E-3,659.999966621E-3,
,,,16.9040002E-3,659.999966621E-3,
,,,16.9079993E-3,659.999966621E-3,
,,,16.9120003E-3,615.999996662E-3,
,,,16.9159994E-3,615.999996662E-3,
,,,16.9200003E-3,615.999996662E-3,
,,,16.9239994E-3,659.999966621E-3,
,,,16.9280004E-3,659.999966621E-3,
,,,16.9319995E-3,615.999996662E-3,
,,,16.9360004E-3,659.999966621E-3,
,,,16.9399995E-3,615.999996662E-3,
,,,16.9440005E-3,615.999996662E-3,
,,,16.9479996E-3,615.999996662E-3,
,,,16.9520006E-3,615.999996662E-3,
,,,16.9559997E-3,615.999996662E-3,
,,,16.9600006E-3,615.999996662E-3,
,,,16.9639997E-3,659.999966621E-3,
,,,16.9680007E-3,659.999966621E-3,
,,,16.9719998E-3,659.999966621E-3,
,,,16.9760007E-3,615.999996662E-3,
,,,16.9799998E-3,615.999996662E-3,
,,,16.9840008E-3,659.999966621E-3,
,,,16.9879999E-3,659.999966621E-3,
,,,16.9920009E-3,703.999996185E-3,
,,,16.9960000E-3,659.999966621E-3,
,,,16.9999991E-3,615.999996662E-3,
,,,17.0040000E-3,615.999996662E-3,
,,,17.0079991E-3,659.999966621E-3,
,,,17.0120001E-3,659.999966621E-3,
,,,17.0159992E-3,659.999966621E-3,
,,,17.0200001E-3,615.999996662E-3,
,,,17.0239992E-3,659.999966621E-3,
,,,17.0280002E-3,659.999966621E-3,
,,,17.0319993E-3,615.999996662E-3,
,,,17.0360003E-3,615.999996662E-3,
,,,17.0399994E-3,615.999996662E-3,
,,,17.0440003E-3,615.999996662E-3,
,,,17.0479994E-3,615.999996662E-3,
,,,17.0520004E-3,615.999996662E-3,
,,,17.0559995E-3,615.999996662E-3,
,,,17.0600004E-3,659.999966621E-3,
,,,17.0639995E-3,615.999996662E-3,
,,,17.0680005E-3,615.999996662E-3,
,,,17.0719996E-3,615.999996662E-3,
,,,17.0760006E-3,615.999996662E-3,
,,,17.0799997E-3,615.999996662E-3,
,,,17.0840006E-3,659.999966621E-3,
,,,17.0879997E-3,615.999996662E-3,
,,,17.0920007E-3,615.999996662E-3,
,,,17.0959998E-3,615.999996662E-3,
,,,17.1000008E-3,572.000026703E-3,
,,,17.1039999E-3,615.999996662E-3,
,,,17.1080008E-3,615.999996662E-3,
,,,17.1119999E-3,659.999966621E-3,
,,,17.1160009E-3,615.999996662E-3,
,,,17.1200000E-3,615.999996662E-3,
,,,17.1239991E-3,615.999996662E-3,
,,,17.1280000E-3,659.999966621E-3,
,,,17.1319991E-3,615.999996662E-3,
,,,17.1360001E-3,615.999996662E-3,
,,,17.1399992E-3,659.999966621E-3,
,,,17.1440002E-3,615.999996662E-3,
,,,17.1479993E-3,659.999966621E-3,
,,,17.1520002E-3,572.000026703E-3,
,,,17.1559993E-3,572.000026703E-3,
,,,17.1600003E-3,615.999996662E-3,
,,,17.1639994E-3,572.000026703E-3,
,,,17.1680003E-3,615.999996662E-3,
,,,17.1719994E-3,572.000026703E-3,
,,,17.1760004E-3,572.000026703E-3,
,,,17.1799995E-3,572.000026703E-3,
,,,17.1840005E-3,572.000026703E-3,
,,,17.1879996E-3,572.000026703E-3,
,,,17.1920005E-3,572.000026703E-3,
,,,17.1959996E-3,572.000026703E-3,
,,,17.2000006E-3,615.999996662E-3,
,,,17.2039997E-3,615.999996662E-3,
,,,17.2080006E-3,615.999996662E-3,
,,,17.2119997E-3,615.999996662E-3,
,,,17.2160007E-3,615.999996662E-3,
,,,17.2199998E-3,615.999996662E-3,
,,,17.2240008E-3,615.999996662E-3,
,,,17.2279999E-3,572.000026703E-3,
,,,17.2320008E-3,572.000026703E-3,
,,,17.2359999E-3,572.000026703E-3,
,,,17.2399990E-3,572.000026703E-3,
,,,17.2440000E-3,572.000026703E-3,
,,,17.2479991E-3,615.999996662E-3,
,,,17.2520000E-3,572.000026703E-3,
,,,17.2559991E-3,572.000026703E-3,
,,,17.2600001E-3,572.000026703E-3,
,,,17.2639992E-3,615.999996662E-3,
,,,17.2680002E-3,527.999997139E-3,
,,,17.2719993E-3,572.000026703E-3,
,,,17.2760002E-3,615.999996662E-3,
,,,17.2799993E-3,572.000026703E-3,
,,,17.2840003E-3,572.000026703E-3,
,,,17.2879994E-3,572.000026703E-3,
,,,17.2920004E-3,615.999996662E-3,
,,,17.2959995E-3,615.999996662E-3,
,,,17.3000004E-3,572.000026703E-3,
,,,17.3039995E-3,615.999996662E-3,
,,,17.3080005E-3,572.000026703E-3,
,,,17.3119996E-3,572.000026703E-3,
,,,17.3160005E-3,615.999996662E-3,
,,,17.3199996E-3,572.000026703E-3,
,,,17.3240006E-3,615.999996662E-3,
,,,17.3279997E-3,572.000026703E-3,
,,,17.3320007E-3,572.000026703E-3,
,,,17.3359998E-3,615.999996662E-3,
,,,17.3400007E-3,527.999997139E-3,
,,,17.3439998E-3,572.000026703E-3,
,,,17.3480008E-3,615.999996662E-3,
,,,17.3519999E-3,572.000026703E-3,
,,,17.3560008E-3,527.999997139E-3,
,,,17.3599999E-3,527.999997139E-3,
,,,17.3639990E-3,527.999997139E-3,
,,,17.3680000E-3,527.999997139E-3,
,,,17.3719991E-3,527.999997139E-3,
,,,17.3760001E-3,527.999997139E-3,
,,,17.3799992E-3,527.999997139E-3,
,,,17.3840001E-3,527.999997139E-3,
,,,17.3879992E-3,572.000026703E-3,
,,,17.3920002E-3,527.999997139E-3,
,,,17.3959993E-3,527.999997139E-3,
,,,17.4000002E-3,572.000026703E-3,
,,,17.4039993E-3,572.000026703E-3,
,,,17.4080003E-3,572.000026703E-3,
,,,17.4119994E-3,527.999997139E-3,
,,,17.4160004E-3,572.000026703E-3,
,,,17.4199995E-3,572.000026703E-3,
,,,17.4240004E-3,527.999997139E-3,
,,,17.4279995E-3,527.999997139E-3,
,,,17.4320005E-3,527.999997139E-3,
,,,17.4359996E-3,572.000026703E-3,
,,,17.4400005E-3,572.000026703E-3,
,,,17.4439996E-3,527.999997139E-3,
,,,17.4480006E-3,572.000026703E-3,
,,,17.4519997E-3,572.000026703E-3,
,,,17.4560007E-3,527.999997139E-3,
,,,17.4599998E-3,572.000026703E-3,
,,,17.4640007E-3,615.999996662E-3,
,,,17.4679998E-3,527.999997139E-3,
,,,17.4720008E-3,572.000026703E-3,
,,,17.4759999E-3,527.999997139E-3,
,,,17.4800009E-3,527.999997139E-3,
,,,17.4840000E-3,527.999997139E-3,
,,,17.4879991E-3,527.999997139E-3,
,,,17.4920000E-3,527.999997139E-3,
,,,17.4959991E-3,572.000026703E-3,
,,,17.5000001E-3,527.999997139E-3,
,,,17.5039992E-3,572.000026703E-3,
,,,17.5080001E-3,527.999997139E-3,
,,,17.5119992E-3,527.999997139E-3,
,,,17.5160002E-3,527.999997139E-3,
,,,17.5199993E-3,527.999997139E-3,
,,,17.5240003E-3,527.999997139E-3,
,,,17.5279994E-3,527.999997139E-3,
,,,17.5320003E-3,527.999997139E-3,
,,,17.5359994E-3,527.999997139E-3,
,,,17.5400004E-3,572.000026703E-3,
,,,17.5439995E-3,527.999997139E-3,
,,,17.5480004E-3,572.000026703E-3,
,,,17.5519995E-3,527.999997139E-3,
,,,17.5560005E-3,527.999997139E-3,
,,,17.5599996E-3,527.999997139E-3,
,,,17.5640006E-3,527.999997139E-3,
,,,17.5679997E-3,527.999997139E-3,
,,,17.5720006E-3,572.000026703E-3,
,,,17.5759997E-3,527.999997139E-3,
,,,17.5800007E-3,527.999997139E-3,
,,,17.5839998E-3,527.999997139E-3,
,,,17.5880007E-3,527.999997139E-3,
,,,17.5919998E-3,527.999997139E-3,
,,,17.5960008E-3,483.999997377E-3,
,,,17.5999999E-3,483.999997377E-3,
,,,17.6040009E-3,527.999997139E-3,
,,,17.6080000E-3,483.999997377E-3,
,,,17.6119991E-3,527.999997139E-3,
,,,17.6160000E-3,572.000026703E-3,
,,,17.6199991E-3,527.999997139E-3,
,,,17.6240001E-3,483.999997377E-3,
,,,17.6279992E-3,527.999997139E-3,
,,,17.6320001E-3,439.999997616E-3,
,,,17.6359992E-3,483.999997377E-3,
,,,17.6400002E-3,483.999997377E-3,
,,,17.6439993E-3,527.999997139E-3,
,,,17.6480003E-3,527.999997139E-3,
,,,17.6519994E-3,483.999997377E-3,
,,,17.6560003E-3,527.999997139E-3,
,,,17.6599994E-3,483.999997377E-3,
,,,17.6640004E-3,527.999997139E-3,
,,,17.6679995E-3,527.999997139E-3,
,,,17.6720005E-3,527.999997139E-3,
,,,17.6759996E-3,527.999997139E-3,
,,,17.6800005E-3,483.999997377E-3,
,,,17.6839996E-3,527.999997139E-3,
,,,17.6880006E-3,527.999997139E-3,
,,,17.6919997E-3,483.999997377E-3,
,,,17.6960006E-3,483.999997377E-3,
,,,17.6999997E-3,439.999997616E-3,
,,,17.7040007E-3,483.999997377E-3,
,,,17.7079998E-3,527.999997139E-3,
,,,17.7120008E-3,483.999997377E-3,
,,,17.7159999E-3,483.999997377E-3,
,,,17.7200008E-3,483.999997377E-3,
,,,17.7239999E-3,527.999997139E-3,
,,,17.7279990E-3,483.999997377E-3,
,,,17.7320000E-3,439.999997616E-3,
,,,17.7359991E-3,439.999997616E-3,
,,,17.7400000E-3,439.999997616E-3,
,,,17.7439991E-3,483.999997377E-3,
,,,17.7480001E-3,483.999997377E-3,
,,,17.7519992E-3,483.999997377E-3,
,,,17.7560002E-3,527.999997139E-3,
,,,17.7599993E-3,527.999997139E-3,
,,,17.7640002E-3,527.999997139E-3,
,,,17.7679993E-3,527.999997139E-3,
,,,17.7720003E-3,572.000026703E-3,
,,,17.7759994E-3,527.999997139E-3,
,,,17.7800003E-3,483.999997377E-3,
,,,17.7839994E-3,483.999997377E-3,
,,,17.7880004E-3,483.999997377E-3,
,,,17.7919995E-3,483.999997377E-3,
,,,17.7960005E-3,483.999997377E-3,
,,,17.7999996E-3,483.999997377E-3,
,,,17.8040005E-3,483.999997377E-3,
,,,17.8079996E-3,527.999997139E-3,
,,,17.8120006E-3,483.999997377E-3,
,,,17.8159997E-3,483.999997377E-3,
,,,17.8200006E-3,439.999997616E-3,
,,,17.8239997E-3,439.999997616E-3,
,,,17.8280007E-3,527.999997139E-3,
,,,17.8319998E-3,527.999997139E-3,
,,,17.8360008E-3,483.999997377E-3,
,,,17.8399999E-3,527.999997139E-3,
,,,17.8440008E-3,483.999997377E-3,
,,,17.8479999E-3,483.999997377E-3,
,,,17.8519990E-3,483.999997377E-3,
,,,17.8560000E-3,483.999997377E-3,
,,,17.8599991E-3,439.999997616E-3,
,,,17.8640001E-3,483.999997377E-3,
,,,17.8679992E-3,439.999997616E-3,
,,,17.8720001E-3,483.999997377E-3,
,,,17.8759992E-3,439.999997616E-3,
,,,17.8800002E-3,483.999997377E-3,
,,,17.8839993E-3,483.999997377E-3,
,,,17.8880002E-3,483.999997377E-3,
,,,17.8919993E-3,483.999997377E-3,
,,,17.8960003E-3,439.999997616E-3,
,,,17.8999994E-3,483.999997377E-3,
,,,17.9040004E-3,439.999997616E-3,
,,,17.9079995E-3,483.999997377E-3,
,,,17.9120004E-3,483.999997377E-3,
,,,17.9159995E-3,483.999997377E-3,
,,,17.9200005E-3,439.999997616E-3,
,,,17.9239996E-3,483.999997377E-3,
,,,17.9280005E-3,439.999997616E-3,
,,,17.9319996E-3,483.999997377E-3,
,,,17.9360006E-3,483.999997377E-3,
,,,17.9399997E-3,483.999997377E-3,
,,,17.9440007E-3,483.999997377E-3,
,,,17.9479998E-3,439.999997616E-3,
,,,17.9520007E-3,439.999997616E-3,
,,,17.9559998E-3,439.999997616E-3,
,,,17.9600008E-3,483.999997377E-3,
,,,17.9639999E-3,483.999997377E-3,
,,,17.9680008E-3,483.999997377E-3,
,,,17.9719999E-3,483.999997377E-3,
,,,17.9759990E-3,483.999997377E-3,
,,,17.9800000E-3,483.999997377E-3,
,,,17.9839991E-3,483.999997377E-3,
,,,17.9880001E-3,439.999997616E-3,
,,,17.9919992E-3,483.999997377E-3,
,,,17.9960001E-3,483.999997377E-3,
,,,17.9999992E-3,439.999997616E-3,
,,,18.0040002E-3,483.999997377E-3,
,,,18.0079993E-3,439.999997616E-3,
,,,18.0120002E-3,439.999997616E-3,
,,,18.0159993E-3,483.999997377E-3,
,,,18.0200003E-3,483.999997377E-3,
,,,18.0239994E-3,483.999997377E-3,
,,,18.0280004E-3,439.999997616E-3,
,,,18.0319995E-3,483.999997377E-3,
,,,18.0360004E-3,439.999997616E-3,
,,,18.0399995E-3,483.999997377E-3,
,,,18.0440005E-3,483.999997377E-3,
,,,18.0479996E-3,483.999997377E-3,
,,,18.0520006E-3,439.999997616E-3,
,,,18.0559997E-3,439.999997616E-3,
,,,18.0600006E-3,439.999997616E-3,
,,,18.0639997E-3,483.999997377E-3,
,,,18.0680007E-3,439.999997616E-3,
,,,18.0719998E-3,395.99999785E-3,
,,,18.0760007E-3,439.999997616E-3,
,,,18.0799998E-3,483.999997377E-3,
,,,18.0840008E-3,483.999997377E-3,
,,,18.0879999E-3,439.999997616E-3,
,,,18.0920009E-3,439.999997616E-3,
,,,18.0960000E-3,439.999997616E-3,
,,,18.0999991E-3,439.999997616E-3,
,,,18.1040000E-3,439.999997616E-3,
,,,18.1079991E-3,439.999997616E-3,
,,,18.1120001E-3,483.999997377E-3,
,,,18.1159992E-3,439.999997616E-3,
,,,18.1200001E-3,439.999997616E-3,
,,,18.1239992E-3,439.999997616E-3,
,,,18.1280002E-3,439.999997616E-3,
,,,18.1319993E-3,439.999997616E-3,
,,,18.1360003E-3,395.99999785E-3,
,,,18.1399994E-3,439.999997616E-3,
,,,18.1440003E-3,439.999997616E-3,
,,,18.1479994E-3,439.999997616E-3,
,,,18.1520004E-3,439.999997616E-3,
,,,18.1559995E-3,439.999997616E-3,
,,,18.1600004E-3,439.999997616E-3,
,,,18.1639995E-3,439.999997616E-3,
,,,18.1680005E-3,439.999997616E-3,
,,,18.1719996E-3,439.999997616E-3,
,,,18.1760006E-3,395.99999785E-3,
,,,18.1799997E-3,439.999997616E-3,
,,,18.1840006E-3,439.999997616E-3,
,,,18.1879997E-3,439.999997616E-3,
,,,18.1920007E-3,439.999997616E-3,
,,,18.1959998E-3,439.999997616E-3,
,,,18.2000007E-3,439.999997616E-3,
,,,18.2039998E-3,439.999997616E-3,
,,,18.2080008E-3,395.99999785E-3,
,,,18.2119999E-3,439.999997616E-3,
,,,18.2160009E-3,483.999997377E-3,
,,,18.2200000E-3,483.999997377E-3,
,,,18.2239991E-3,483.999997377E-3,
,,,18.2280000E-3,439.999997616E-3,
,,,18.2319991E-3,439.999997616E-3,
,,,18.2360001E-3,439.999997616E-3,
,,,18.2399992E-3,439.999997616E-3,
,,,18.2440002E-3,439.999997616E-3,
,,,18.2479993E-3,483.999997377E-3,
,,,18.2520002E-3,483.999997377E-3,
,,,18.2559993E-3,439.999997616E-3,
,,,18.2600003E-3,439.999997616E-3,
,,,18.2639994E-3,439.999997616E-3,
,,,18.2680003E-3,483.999997377E-3,
,,,18.2719994E-3,395.99999785E-3,
,,,18.2760004E-3,395.99999785E-3,
,,,18.2799995E-3,439.999997616E-3,
,,,18.2840005E-3,439.999997616E-3,
,,,18.2879996E-3,439.999997616E-3,
,,,18.2920005E-3,395.99999785E-3,
,,,18.2959996E-3,395.99999785E-3,
,,,18.3000006E-3,395.99999785E-3,
,,,18.3039997E-3,439.999997616E-3,
,,,18.3080006E-3,439.999997616E-3,
,,,18.3119997E-3,439.999997616E-3,
,,,18.3160007E-3,395.99999785E-3,
,,,18.3199998E-3,439.999997616E-3,
,,,18.3240008E-3,439.999997616E-3,
,,,18.3279999E-3,439.999997616E-3,
,,,18.3320008E-3,439.999997616E-3,
,,,18.3359999E-3,395.99999785E-3,
,,,18.3399990E-3,439.999997616E-3,
,,,18.3440000E-3,439.999997616E-3,
,,,18.3479991E-3,439.999997616E-3,
,,,18.3520000E-3,395.99999785E-3,
,,,18.3559991E-3,395.99999785E-3,
,,,18.3600001E-3,439.999997616E-3,
,,,18.3639992E-3,439.999997616E-3,
,,,18.3680002E-3,439.999997616E-3,
,,,18.3719993E-3,439.999997616E-3,
,,,18.3760002E-3,439.999997616E-3,
,,,18.3799993E-3,439.999997616E-3,
,,,18.3840003E-3,395.99999785E-3,
,,,18.3879994E-3,395.99999785E-3,
,,,18.3920003E-3,395.99999785E-3,
,,,18.3959994E-3,395.99999785E-3,
,,,18.4000004E-3,395.99999785E-3,
,,,18.4039995E-3,351.99999809E-3,
,,,18.4080005E-3,395.99999785E-3,
,,,18.4119996E-3,395.99999785E-3,
,,,18.4160005E-3,483.999997377E-3,
,,,18.4199996E-3,395.99999785E-3,
,,,18.4240006E-3,439.999997616E-3,
,,,18.4279997E-3,395.99999785E-3,
,,,18.4320007E-3,439.999997616E-3,
,,,18.4359998E-3,439.999997616E-3,
,,,18.4400007E-3,439.999997616E-3,
,,,18.4439998E-3,395.99999785E-3,
,,,18.4480008E-3,395.99999785E-3,
,,,18.4519999E-3,439.999997616E-3,
,,,18.4560008E-3,395.99999785E-3,
,,,18.4599999E-3,439.999997616E-3,
,,,18.4639990E-3,439.999997616E-3,
,,,18.4680000E-3,395.99999785E-3,
,,,18.4719991E-3,439.999997616E-3,
,,,18.4760001E-3,395.99999785E-3,
,,,18.4799992E-3,395.99999785E-3,
,,,18.4840001E-3,395.99999785E-3,
,,,18.4879992E-3,395.99999785E-3,
,,,18.4920002E-3,395.99999785E-3,
,,,18.4959993E-3,395.99999785E-3,
,,,18.5000002E-3,439.999997616E-3,
,,,18.5039993E-3,439.999997616E-3,
,,,18.5080003E-3,439.999997616E-3,
,,,18.5119994E-3,439.999997616E-3,
,,,18.5160004E-3,395.99999785E-3,
,,,18.5199995E-3,395.99999785E-3,
,,,18.5240004E-3,395.99999785E-3,
,,,18.5279995E-3,395.99999785E-3,
,,,18.5320005E-3,395.99999785E-3,
,,,18.5359996E-3,395.99999785E-3,
,,,18.5400005E-3,395.99999785E-3,
,,,18.5439996E-3,395.99999785E-3,
,,,18.5480006E-3,439.999997616E-3,
,,,18.5519997E-3,395.99999785E-3,
,,,18.5560007E-3,395.99999785E-3,
,,,18.5599998E-3,395.99999785E-3,
,,,18.5640007E-3,395.99999785E-3,
,,,18.5679998E-3,439.999997616E-3,
,,,18.5720008E-3,439.999997616E-3,
,,,18.5759999E-3,395.99999785E-3,
,,,18.5800008E-3,395.99999785E-3,
,,,18.5839999E-3,483.999997377E-3,
,,,18.5879990E-3,439.999997616E-3,
,,,18.5920000E-3,395.99999785E-3,
,,,18.5959991E-3,395.99999785E-3,
,,,18.6000001E-3,395.99999785E-3,
,,,18.6039992E-3,395.99999785E-3,
,,,18.6080001E-3,439.999997616E-3,
,,,18.6119992E-3,351.99999809E-3,
,,,18.6160002E-3,439.999997616E-3,
,,,18.6199993E-3,395.99999785E-3,
,,,18.6240003E-3,395.99999785E-3,
,,,18.6279994E-3,439.999997616E-3,
,,,18.6320003E-3,351.99999809E-3,
,,,18.6359994E-3,395.99999785E-3,
,,,18.6400004E-3,439.999997616E-3,
,,,18.6439995E-3,395.99999785E-3,
,,,18.6480004E-3,395.99999785E-3,
,,,18.6519995E-3,439.999997616E-3,
,,,18.6560005E-3,439.999997616E-3,
,,,18.6599996E-3,439.999997616E-3,
,,,18.6640006E-3,439.999997616E-3,
,,,18.6679997E-3,439.999997616E-3,
,,,18.6720006E-3,395.99999785E-3,
,,,18.6759997E-3,395.99999785E-3,
