Record Length,2500,Points,-1.6000001E-3,0.0,
Sample Interval,39.99999899E-6,s,-1.5600001E-3,0.0,
Trigger Point,40.00000291,Samples,-1.5200000E-3,0.0,
,,,-1.4800001E-3,0.0,
,,,-1.4400000E-3,0.0,
,,,-1.4000001E-3,0.0,
Source,CH1,,-1.3600001E-3,39.99999911E-3,
Vertical Units,Volts,,-1.3200000E-3,0.0,
Vertical Scale,1.000000,,-1.2800001E-3,0.0,
Vertical Offset,0,,-1.2400001E-3,0.0,
Horizontal Units,s,,-1.2000001E-3,0.0,
Horizontal Scale,9.999999747E-3,,-1.1600001E-3,39.99999911E-3,
Pt Fmt,Y,,-1.1200001E-3,0.0,
Yzero,-3.12000000,,-1.0800001E-3,0.0,
Probe Atten,1.000000,,-1.0400001E-3,39.99999911E-3,
,,,-1.0000000E-3,0.0,
Note,TBS 1052B - 11:02:55   30/04/2019,,-960.000092164E-6,0.0,
,,,-920.000078622E-6,0.0,
,,,-880.000065081E-6,39.99999911E-3,
,,,-840.000109747E-6,39.99999911E-3,
,,,-800.000096206E-6,39.99999911E-3,
,,,-760.000082664E-6,0.0,
,,,-720.000127330E-6,39.99999911E-3,
,,,-680.000113789E-6,0.0,
,,,-640.000100248E-6,39.99999911E-3,
,,,-600.000086706E-6,39.99999911E-3,
,,,-560.000073165E-6,39.99999911E-3,
,,,-520.000117831E-6,39.99999911E-3,
,,,-480.000104290E-6,39.99999911E-3,
,,,-440.000090748E-6,39.99999911E-3,
,,,-400.00010631E-6,39.99999911E-3,
,,,-360.00012187E-6,39.99999911E-3,
,,,-320.00010833E-6,39.99999911E-3,
,,,-280.00009479E-6,0.0,
,,,-240.00011035E-6,39.99999911E-3,
,,,-200.00011136E-6,39.99999911E-3,
,,,-160.00011237E-6,0.0,
,,,-120.0001134E-6,0.0,
,,,-80.000114394E-6,0.0,
,,,-40.00011540E-6,39.99999911E-3,
,,,-116.4153214E-12,0.0,
,,,39.99988257E-6,4.48000002,
,,,79.999881564E-6,6.63999987,
,,,119.9998806E-6,6.63999987,
,,,159.99987954E-6,6.59999990,
,,,199.99987853E-6,6.55999994,
,,,239.99987752E-6,6.44000006,
,,,279.99986196E-6,6.39999962,
,,,319.99987550E-6,6.31999969,
,,,359.99988904E-6,6.23999977,
,,,399.99987348E-6,6.15999985,
,,,439.999857917E-6,6.07999992,
,,,479.999871459E-6,5.96000004,
,,,519.999885000E-6,5.83999968,
,,,559.999840334E-6,5.75999975,
,,,599.999853875E-6,5.63999987,
,,,639.999867417E-6,5.55999994,
,,,679.999880958E-6,5.44000006,
,,,719.999894500E-6,5.31999969,
,,,759.999849834E-6,5.23999977,
,,,799.999863375E-6,5.11999989,
,,,839.999876916E-6,5.03999996,
,,,879.999832250E-6,4.96000004,
,,,919.999845792E-6,4.83999968,
,,,959.999859333E-6,4.75999975,
,,,0.0E-3,4.67999983,
,,,1.0399999E-3,4.59999990,
,,,1.0799998E-3,4.51999998,
,,,1.1199999E-3,4.40000010,
,,,1.1599999E-3,4.31999969,
,,,1.1999998E-3,4.23999977,
,,,1.2399999E-3,4.15999985,
,,,1.2799999E-3,4.11999989,
,,,1.3199998E-3,4.03999996,
,,,1.3599999E-3,3.95999980,
,,,1.3999998E-3,3.87999988,
,,,1.4399998E-3,3.83999991,
,,,1.4799999E-3,3.79999995,
,,,1.5199998E-3,3.63999987,
,,,1.5599999E-3,3.59999990,
,,,1.5999998E-3,3.55999994,
,,,1.6399998E-3,3.51999998,
,,,1.6799999E-3,3.43999982,
,,,1.7199998E-3,3.39999986,
,,,1.7599999E-3,3.35999990,
,,,1.7999999E-3,3.27999997,
,,,1.8399998E-3,3.24000001,
,,,1.8799999E-3,3.24000001,
,,,1.9199998E-3,3.15999985,
,,,1.9599998E-3,3.15999985,
,,,1.9999999E-3,3.07999992,
,,,2.0399999E-3,3.03999996,
,,,2.0799998E-3,3.03999996,
,,,2.1199998E-3,3.00000000,
,,,2.1599999E-3,2.96000004,
,,,2.1999998E-3,2.91999984,
,,,2.2399998E-3,2.87999988,
,,,2.2799999E-3,2.83999991,
,,,2.3199997E-3,2.83999991,
,,,2.3599998E-3,2.83999991,
,,,2.3999999E-3,2.75999999,
,,,2.4399997E-3,2.75999999,
,,,2.4799998E-3,2.75999999,
,,,2.5199999E-3,2.6799998,
,,,2.5599999E-3,2.6799998,
,,,2.5999998E-3,2.6799998,
,,,2.6399998E-3,2.5999999,
,,,2.6799999E-3,2.5999999,
,,,2.71999976E-3,2.5999999,
,,,2.75999983E-3,2.5599999,
,,,2.79999990E-3,2.5599999,
,,,2.83999974E-3,2.5599999,
,,,2.87999981E-3,2.4800000,
,,,2.91999988E-3,2.4800000,
,,,2.95999972E-3,2.4800000,
,,,2.99999979E-3,1.5200000,
,,,3.03999986E-3,1.3199999,
,,,3.07999970E-3,2.5200000,
,,,3.11999978E-3,2.5599999,
,,,3.15999985E-3,2.5599999,
,,,3.19999969E-3,2.5599999,
,,,3.23999976E-3,2.5599999,
,,,3.27999983E-3,2.5599999,
,,,3.31999990E-3,2.5999999,
,,,3.35999974E-3,2.5599999,
,,,3.39999981E-3,2.5999999,
,,,3.43999988E-3,2.5999999,
,,,3.47999972E-3,2.5999999,
,,,3.51999979E-3,2.6399999,
,,,3.55999987E-3,2.6399999,
,,,3.59999971E-3,2.6399999,
,,,3.63999978E-3,2.6399999,
,,,3.67999985E-3,2.6799998,
,,,3.71999969E-3,2.6799998,
,,,3.75999976E-3,2.6399999,
,,,3.79999983E-3,2.6799998,
,,,3.83999990E-3,2.6799998,
,,,3.87999974E-3,2.72000003,
,,,3.91999958E-3,2.72000003,
,,,3.95999989E-3,2.75999999,
,,,3.99999972E-3,2.75999999,
,,,4.03999956E-3,2.79999995,
,,,4.07999987E-3,2.79999995,
,,,4.11999971E-3,2.83999991,
,,,4.16000001E-3,2.83999991,
,,,4.19999985E-3,2.87999988,
,,,4.23999969E-3,2.96000004,
,,,4.27999999E-3,2.96000004,
,,,4.31999983E-3,2.96000004,
,,,4.35999967E-3,3.00000000,
,,,4.39999998E-3,3.00000000,
,,,4.43999982E-3,3.07999992,
,,,4.47999965E-3,3.11999989,
,,,4.51999996E-3,3.15999985,
,,,4.55999980E-3,3.15999985,
,,,4.59999964E-3,3.24000001,
,,,4.63999994E-3,3.24000001,
,,,4.67999978E-3,3.27999997,
,,,4.71999962E-3,3.31999993,
,,,4.75999992E-3,3.35999990,
,,,4.79999976E-3,3.43999982,
,,,4.83999960E-3,3.48000002,
,,,4.87999991E-3,3.51999998,
,,,4.91999974E-3,3.59999990,
,,,4.95999958E-3,3.63999987,
,,,4.99999989E-3,3.67999983,
,,,5.03999973E-3,3.72000003,
,,,5.07999957E-3,3.75999999,
,,,5.11999987E-3,3.83999991,
,,,5.15999971E-3,3.91999984,
,,,5.19999955E-3,4.00000000,
,,,5.23999985E-3,4.03999996,
,,,5.27999969E-3,4.07999992,
,,,5.31999953E-3,4.15999985,
,,,5.35999984E-3,4.23999977,
,,,5.39999967E-3,4.27999973,
,,,5.43999951E-3,4.31999969,
,,,5.47999982E-3,4.40000010,
,,,5.51999966E-3,4.48000002,
,,,5.55999996E-3,4.51999998,
,,,5.59999980E-3,4.55999994,
,,,5.63999964E-3,4.59999990,
,,,5.67999994E-3,4.63999987,
,,,5.71999978E-3,4.71999979,
,,,5.75999962E-3,4.71999979,
,,,5.79999993E-3,4.75999975,
,,,5.83999977E-3,4.79999971,
,,,5.87999960E-3,4.79999971,
,,,5.91999991E-3,4.83999968,
,,,5.95999975E-3,4.83999968,
,,,5.99999959E-3,4.92000008,
,,,6.03999989E-3,4.92000008,
,,,6.07999973E-3,4.79999971,
,,,6.11999957E-3,4.75999975,
,,,6.15999987E-3,4.71999979,
,,,6.19999971E-3,4.67999983,
,,,6.23999955E-3,4.63999987,
,,,6.27999986E-3,4.59999990,
,,,6.31999969E-3,4.55999994,
,,,6.35999953E-3,4.48000002,
,,,6.39999984E-3,4.40000010,
,,,6.43999968E-3,4.31999969,
,,,6.47999952E-3,4.27999973,
,,,6.51999982E-3,4.23999977,
,,,6.55999966E-3,4.11999989,
,,,6.59999950E-3,4.07999992,
,,,6.63999980E-3,4.00000000,
,,,6.67999964E-3,3.91999984,
,,,6.71999995E-3,3.83999991,
,,,6.75999979E-3,3.75999999,
,,,6.79999962E-3,3.67999983,
,,,6.83999993E-3,3.63999987,
,,,6.87999977E-3,3.55999994,
,,,6.91999961E-3,3.48000002,
,,,6.95999991E-3,3.39999986,
,,,6.99999975E-3,3.35999990,
,,,7.03999959E-3,3.27999997,
,,,7.07999989E-3,3.24000001,
,,,7.11999973E-3,3.15999985,
,,,7.15999957E-3,3.07999992,
,,,7.19999988E-3,3.00000000,
,,,7.23999972E-3,3.00000000,
,,,7.27999955E-3,2.91999984,
,,,7.31999986E-3,2.87999988,
,,,7.35999970E-3,2.79999995,
,,,7.399999537E-3,2.75999999,
,,,7.439999841E-3,2.72000003,
,,,7.479999680E-3,2.6799998,
,,,7.519999519E-3,2.5999999,
,,,7.559999824E-3,2.5999999,
,,,7.599999662E-3,2.5599999,
,,,7.639999501E-3,2.4800000,
,,,7.679999806E-3,2.4800000,
,,,7.719999645E-3,2.4400001,
,,,7.759999484E-3,2.4400001,
,,,7.799999788E-3,2.3599999,
,,,7.840000093E-3,2.3199999,
,,,7.879999466E-3,2.2800000,
,,,7.919999771E-3,2.2800000,
,,,7.960000075E-3,2.2400000,
,,,7.999999449E-3,2.2400000,
,,,8.039999753E-3,2.2000000,
,,,8.080000058E-3,2.1599998,
,,,8.119999431E-3,2.1599998,
,,,8.159999736E-3,2.1599998,
,,,8.200000040E-3,2.1199999,
,,,8.239999413E-3,2.0799999,
,,,8.279999718E-3,2.0799999,
,,,8.320000023E-3,2.0799999,
,,,8.359999396E-3,2.0400000,
,,,8.399999700E-3,2.0000000,
,,,8.440000005E-3,2.0000000,
,,,8.479999378E-3,2.0000000,
,,,8.519999683E-3,1.9599999,
,,,8.559999987E-3,1.9599999,
,,,8.599999361E-3,1.9200000,
,,,8.639999665E-3,1.9200000,
,,,8.679999970E-3,1.9200000,
,,,8.719999343E-3,1.8800000,
,,,8.759999648E-3,1.8800000,
,,,8.799999952E-3,1.8800000,
,,,8.839999326E-3,1.8800000,
,,,8.879999630E-3,1.8800000,
,,,8.919999935E-3,1.8399999,
,,,8.959999308E-3,1.8399999,
,,,8.999999613E-3,1.1200000,
,,,9.039999917E-3,959.999978542E-3,
,,,9.079999290E-3,1.8800000,
,,,9.119999595E-3,1.8800000,
,,,9.159999900E-3,1.8800000,
,,,9.199999273E-3,1.8800000,
,,,9.239999577E-3,1.8800000,
,,,9.279999882E-3,1.8800000,
,,,9.319999255E-3,1.8800000,
,,,9.359999560E-3,1.9200000,
,,,9.399999864E-3,1.9200000,
,,,9.439999238E-3,1.9200000,
,,,9.479999542E-3,1.9200000,
,,,9.519999847E-3,1.9200000,
,,,9.559999220E-3,1.9599999,
,,,9.599999525E-3,1.9200000,
,,,9.639999829E-3,1.9599999,
,,,9.679999202E-3,1.9599999,
,,,9.719999507E-3,1.9599999,
,,,9.759999812E-3,2.0000000,
,,,9.799999185E-3,2.0000000,
,,,9.839999489E-3,2.0000000,
,,,9.879999794E-3,2.0400000,
,,,9.919999167E-3,2.0400000,
,,,9.959999472E-3,2.0400000,
,,,9.999999776E-3,2.0400000,
,,,10.0400001E-3,2.0799999,
,,,10.0799995E-3,2.1199999,
,,,10.1199998E-3,2.0799999,
,,,10.1600001E-3,2.1199999,
,,,10.1999994E-3,2.1599998,
,,,10.2399997E-3,2.1599998,
,,,10.2800000E-3,2.2000000,
,,,10.3199994E-3,2.2000000,
,,,10.3599997E-3,2.2000000,
,,,10.4000000E-3,2.2400000,
,,,10.4399994E-3,2.2800000,
,,,10.4799997E-3,2.2800000,
,,,10.5200000E-3,2.3199999,
,,,10.5599994E-3,2.3199999,
,,,10.5999997E-3,2.3999999,
,,,10.6400000E-3,2.3999999,
,,,10.6799994E-3,2.4400001,
,,,10.7199997E-3,2.4800000,
,,,10.7600000E-3,2.5200000,
,,,10.7999993E-3,2.5599999,
,,,10.8399997E-3,2.5599999,
,,,10.8800000E-3,2.5999999,
,,,10.9199993E-3,2.6399999,
,,,10.9599996E-3,2.72000003,
,,,10.9999999E-3,2.72000003,
,,,11.0399993E-3,2.75999999,
,,,11.0799996E-3,2.83999991,
,,,11.1199999E-3,2.87999988,
,,,11.1599993E-3,2.91999984,
,,,11.1999996E-3,2.96000004,
,,,11.2399999E-3,3.00000000,
,,,11.2799993E-3,3.07999992,
,,,11.3199996E-3,3.11999989,
,,,11.3599999E-3,3.15999985,
,,,11.3999993E-3,3.19999981,
,,,11.4399996E-3,3.24000001,
,,,11.4799999E-3,3.27999997,
,,,11.5199992E-3,3.31999993,
,,,11.5599995E-3,3.39999986,
,,,11.5999999E-3,3.43999982,
,,,11.6399992E-3,3.48000002,
,,,11.6799995E-3,3.48000002,
,,,11.7199998E-3,3.55999994,
,,,11.7599992E-3,3.55999994,
,,,11.7999995E-3,3.59999990,
,,,11.8399998E-3,3.63999987,
,,,11.8799992E-3,3.63999987,
,,,11.9199995E-3,3.67999983,
,,,11.9599998E-3,3.67999983,
,,,11.9999992E-3,3.72000003,
,,,12.0399995E-3,3.67999983,
,,,12.0799998E-3,3.63999987,
,,,12.1199992E-3,3.59999990,
,,,12.1599995E-3,3.59999990,
,,,12.1999998E-3,3.55999994,
,,,12.2399991E-3,3.51999998,
,,,12.2799994E-3,3.48000002,
,,,12.3199997E-3,3.43999982,
,,,12.3599991E-3,3.39999986,
,,,12.3999994E-3,3.35999990,
,,,12.4399997E-3,3.27999997,
,,,12.4800000E-3,3.24000001,
,,,12.5199994E-3,3.19999981,
,,,12.5599997E-3,3.11999989,
,,,12.6000000E-3,3.03999996,
,,,12.6399994E-3,3.00000000,
,,,12.6799997E-3,2.96000004,
,,,12.7200000E-3,2.87999988,
,,,12.7599994E-3,2.83999991,
,,,12.7999997E-3,2.79999995,
,,,12.8400000E-3,2.72000003,
,,,12.8799994E-3,2.6799998,
,,,12.9199997E-3,2.5999999,
,,,12.9600000E-3,2.5599999,
,,,12.9999993E-3,2.5200000,
,,,13.0399996E-3,2.4800000,
,,,13.0799999E-3,2.4400001,
,,,13.1199993E-3,2.3999999,
,,,13.1599996E-3,2.3599999,
,,,13.1999999E-3,2.3199999,
,,,13.2399993E-3,2.2400000,
,,,13.2799996E-3,2.2400000,
,,,13.3199999E-3,2.2000000,
,,,13.3599993E-3,2.1599998,
,,,13.3999996E-3,2.1199999,
,,,13.4399999E-3,2.1199999,
,,,13.4799993E-3,2.0400000,
,,,13.5199996E-3,2.0000000,
,,,13.5599999E-3,2.0000000,
,,,13.5999992E-3,1.9599999,
,,,13.6399996E-3,1.9200000,
,,,13.6799999E-3,1.8800000,
,,,13.7199992E-3,1.8800000,
,,,13.7599995E-3,1.8399999,
,,,13.7999998E-3,1.8399999,
,,,13.8399992E-3,1.8000000,
,,,13.8799995E-3,1.8000000,
,,,13.9199998E-3,1.7600000,
,,,13.9599992E-3,1.7600000,
,,,13.9999995E-3,1.7199999,
,,,14.0399998E-3,1.7199999,
,,,14.0799992E-3,1.7199999,
,,,14.1199995E-3,1.6799999,
,,,14.1599998E-3,1.6799999,
,,,14.1999992E-3,1.6400000,
,,,14.2399995E-3,1.6400000,
,,,14.2799998E-3,1.5999999,
,,,14.3199991E-3,1.5999999,
,,,14.3599994E-3,1.5999999,
,,,14.3999998E-3,1.5999999,
,,,14.4399991E-3,1.5599999,
,,,14.4799994E-3,1.5599999,
,,,14.5199997E-3,1.5599999,
,,,14.5599991E-3,1.5200000,
,,,14.5999994E-3,1.5200000,
,,,14.6399997E-3,1.5200000,
,,,14.6799991E-3,1.5200000,
,,,14.7199994E-3,1.5200000,
,,,14.7599997E-3,1.5200000,
,,,14.7999991E-3,1.4800000,
,,,14.8399994E-3,1.4800000,
,,,14.8799997E-3,1.4800000,
,,,14.9199991E-3,1.4800000,
,,,14.9599994E-3,1.4399999,
,,,14.9999997E-3,919.999957085E-3,
,,,15.0399990E-3,799.999952316E-3,
,,,15.0799993E-3,1.4800000,
,,,15.1199996E-3,1.5200000,
,,,15.1600000E-3,1.5599999,
,,,15.1999993E-3,1.5200000,
,,,15.2399996E-3,1.5200000,
,,,15.2799999E-3,1.5200000,
,,,15.3199993E-3,1.5200000,
,,,15.3599996E-3,1.5200000,
,,,15.3999999E-3,1.5200000,
,,,15.4399993E-3,1.5599999,
,,,15.4799996E-3,1.5599999,
,,,15.5199999E-3,1.5599999,
,,,15.5599993E-3,1.5599999,
,,,15.5999996E-3,1.5599999,
,,,15.6399999E-3,1.5599999,
,,,15.6800002E-3,1.5599999,
,,,15.7199986E-3,1.5999999,
,,,15.7599989E-3,1.5999999,
,,,15.7999992E-3,1.5599999,
,,,15.8399995E-3,1.5999999,
,,,15.8799998E-3,1.5599999,
,,,15.9200002E-3,1.5999999,
,,,15.9599986E-3,1.5999999,
,,,15.9999989E-3,1.5999999,
,,,16.0399992E-3,1.6400000,
,,,16.0799995E-3,1.6400000,
,,,16.1199998E-3,1.6400000,
,,,16.1600001E-3,1.6799999,
,,,16.1999986E-3,1.6799999,
,,,16.2399989E-3,1.7199999,
,,,16.2799992E-3,1.7199999,
,,,16.3199995E-3,1.7600000,
,,,16.3599998E-3,1.7199999,
,,,16.4000001E-3,1.7600000,
,,,16.4400004E-3,1.8000000,
,,,16.4799988E-3,1.8000000,
,,,16.5199991E-3,1.8000000,
,,,16.5599994E-3,1.8000000,
,,,16.5999997E-3,1.8399999,
,,,16.6400000E-3,1.8800000,
,,,16.6800003E-3,1.8800000,
,,,16.7199988E-3,1.9599999,
,,,16.7599991E-3,1.9599999,
,,,16.7999994E-3,2.0000000,
,,,16.8399997E-3,2.0000000,
,,,16.8800000E-3,2.0400000,
,,,16.9200003E-3,2.0400000,
,,,16.9599988E-3,2.0799999,
,,,16.9999991E-3,2.1199999,
,,,17.0399994E-3,2.1199999,
,,,17.0799997E-3,2.2000000,
,,,17.1200000E-3,2.2000000,
,,,17.1600003E-3,2.2400000,
,,,17.1999987E-3,2.2800000,
,,,17.2399990E-3,2.3199999,
,,,17.2799993E-3,2.3599999,
,,,17.3199996E-3,2.3999999,
,,,17.3599999E-3,2.4400001,
,,,17.4000002E-3,2.4800000,
,,,17.4399987E-3,2.5200000,
,,,17.4799990E-3,2.5599999,
,,,17.5199993E-3,2.5599999,
,,,17.5599996E-3,2.5999999,
,,,17.5999999E-3,2.6399999,
,,,17.6400002E-3,2.6799998,
,,,17.6799987E-3,2.6799998,
,,,17.7199990E-3,2.75999999,
,,,17.7599993E-3,2.75999999,
,,,17.7999996E-3,2.75999999,
,,,17.8399999E-3,2.75999999,
,,,17.8800002E-3,2.79999995,
,,,17.9199986E-3,2.79999995,
,,,17.9599989E-3,2.83999991,
,,,17.9999992E-3,2.87999988,
,,,18.0399995E-3,2.87999988,
,,,18.0799998E-3,2.83999991,
,,,18.1200001E-3,2.83999991,
,,,18.1599986E-3,2.75999999,
,,,18.1999989E-3,2.75999999,
,,,18.2399992E-3,2.72000003,
,,,18.2799995E-3,2.6799998,
,,,18.3199998E-3,2.6799998,
,,,18.3600001E-3,2.5999999,
,,,18.3999985E-3,2.5999999,
,,,18.4399989E-3,2.5599999,
,,,18.4799992E-3,2.4800000,
,,,18.5199995E-3,2.4800000,
,,,18.5599998E-3,2.3999999,
,,,18.6000001E-3,2.3599999,
,,,18.6399985E-3,2.3599999,
,,,18.6799988E-3,2.2800000,
,,,18.7199991E-3,2.2400000,
,,,18.7599994E-3,2.2000000,
,,,18.7999997E-3,2.1599998,
,,,18.8400000E-3,2.1199999,
,,,18.8799985E-3,2.0799999,
,,,18.9199988E-3,2.0799999,
,,,18.9599991E-3,2.0000000,
,,,18.9999994E-3,2.0000000,
,,,19.0399997E-3,1.9200000,
,,,19.0800000E-3,1.9200000,
,,,19.1200003E-3,1.8800000,
,,,19.1599987E-3,1.8399999,
,,,19.1999990E-3,1.8000000,
,,,19.2399994E-3,1.8000000,
,,,19.2799997E-3,1.7199999,
,,,19.3200000E-3,1.7199999,
,,,19.3600003E-3,1.6799999,
,,,19.3999987E-3,1.6400000,
,,,19.4399990E-3,1.6400000,
,,,19.4799993E-3,1.6400000,
,,,19.5199996E-3,1.5999999,
,,,19.5599999E-3,1.5599999,
,,,19.6000002E-3,1.5599999,
,,,19.6399987E-3,1.5200000,
,,,19.6799990E-3,1.4800000,
,,,19.7199993E-3,1.4800000,
,,,19.7599996E-3,1.5200000,
,,,19.7999999E-3,1.4800000,
,,,19.8400002E-3,1.4399999,
,,,19.8799986E-3,1.4399999,
,,,19.9199989E-3,1.4000000,
,,,19.9599992E-3,1.4000000,
,,,19.9999996E-3,1.3600000,
,,,20.0399999E-3,1.3600000,
,,,20.0800002E-3,1.3199999,
,,,20.11999860E-3,1.3199999,
,,,20.15999891E-3,1.3199999,
,,,20.19999921E-3,1.2800000,
,,,20.23999952E-3,1.2800000,
,,,20.27999982E-3,1.2800000,
,,,20.32000013E-3,1.2800000,
,,,20.35999857E-3,1.2800000,
,,,20.39999887E-3,1.2400000,
,,,20.43999918E-3,1.2400000,
,,,20.47999948E-3,1.2400000,
,,,20.51999979E-3,1.2400000,
,,,20.56000009E-3,1.1999999,
,,,20.59999853E-3,1.1999999,
,,,20.63999884E-3,1.1999999,
,,,20.67999914E-3,1.1600000,
,,,20.71999945E-3,1.1999999,
,,,20.75999975E-3,1.1600000,
,,,20.80000006E-3,1.1600000,
,,,20.83999850E-3,1.1600000,
,,,20.87999880E-3,1.1200000,
,,,20.91999911E-3,1.1600000,
,,,20.95999941E-3,1.1600000,
,,,20.99999972E-3,719.999969006E-3,
,,,21.04000002E-3,599.999964237E-3,
,,,21.07999846E-3,1.1600000,
,,,21.11999877E-3,1.1999999,
,,,21.15999907E-3,1.1999999,
,,,21.19999938E-3,1.1999999,
,,,21.23999968E-3,1.1600000,
,,,21.27999999E-3,1.1999999,
,,,21.31999843E-3,1.1999999,
,,,21.35999873E-3,1.1999999,
,,,21.39999904E-3,1.1999999,
,,,21.43999934E-3,1.1999999,
,,,21.47999965E-3,1.1999999,
,,,21.51999995E-3,1.1999999,
,,,21.56000026E-3,1.2400000,
,,,21.59999870E-3,1.2400000,
,,,21.63999900E-3,1.2400000,
,,,21.67999931E-3,1.2400000,
,,,21.71999961E-3,1.2800000,
,,,21.75999992E-3,1.2800000,
,,,21.80000022E-3,1.2800000,
,,,21.83999866E-3,1.2800000,
,,,21.87999897E-3,1.3199999,
,,,21.91999927E-3,1.2800000,
,,,21.95999958E-3,1.3199999,
,,,21.99999988E-3,1.3199999,
,,,22.04000019E-3,1.3199999,
,,,22.07999863E-3,1.3600000,
,,,22.11999893E-3,1.3199999,
,,,22.15999924E-3,1.3199999,
,,,22.19999954E-3,1.3600000,
,,,22.23999985E-3,1.4000000,
,,,22.28000015E-3,1.4000000,
,,,22.31999859E-3,1.4399999,
,,,22.35999890E-3,1.4000000,
,,,22.39999920E-3,1.4000000,
,,,22.43999951E-3,1.4399999,
,,,22.47999981E-3,1.4399999,
,,,22.52000012E-3,1.4800000,
,,,22.55999856E-3,1.4800000,
,,,22.59999886E-3,1.5200000,
,,,22.63999917E-3,1.5200000,
,,,22.67999947E-3,1.5599999,
,,,22.71999978E-3,1.5599999,
,,,22.76000008E-3,1.5999999,
,,,22.79999852E-3,1.5999999,
,,,22.83999883E-3,1.5999999,
,,,22.87999913E-3,1.6400000,
,,,22.91999944E-3,1.6799999,
,,,22.95999974E-3,1.6799999,
,,,23.00000004E-3,1.7600000,
,,,23.03999849E-3,1.7199999,
,,,23.07999879E-3,1.7600000,
,,,23.11999910E-3,1.7600000,
,,,23.15999940E-3,1.8000000,
,,,23.19999970E-3,1.8399999,
,,,23.24000001E-3,1.8800000,
,,,23.27999845E-3,1.8800000,
,,,23.31999876E-3,1.8800000,
,,,23.35999906E-3,1.9200000,
,,,23.39999937E-3,2.0000000,
,,,23.43999967E-3,2.0000000,
,,,23.47999997E-3,2.0400000,
,,,23.51999842E-3,2.0000000,
,,,23.55999872E-3,2.0799999,
,,,23.59999903E-3,2.1199999,
,,,23.63999933E-3,2.1599998,
,,,23.67999963E-3,2.2000000,
,,,23.71999994E-3,2.2000000,
,,,23.75999838E-3,2.2000000,
,,,23.79999869E-3,2.2000000,
,,,23.83999899E-3,2.2400000,
,,,23.87999929E-3,2.2400000,
,,,23.91999960E-3,2.2400000,
,,,23.95999990E-3,2.2800000,
,,,24.00000021E-3,2.2800000,
,,,24.03999865E-3,2.2800000,
,,,24.07999896E-3,2.2400000,
,,,24.11999926E-3,2.2400000,
,,,24.15999956E-3,2.2000000,
,,,24.19999987E-3,2.2000000,
,,,24.24000017E-3,2.2000000,
,,,24.27999862E-3,2.1599998,
,,,24.31999892E-3,2.1199999,
,,,24.35999922E-3,2.1199999,
,,,24.39999953E-3,2.0799999,
,,,24.43999983E-3,2.0400000,
,,,24.48000014E-3,2.0000000,
,,,24.51999858E-3,2.0000000,
,,,24.55999888E-3,1.9599999,
,,,24.59999919E-3,1.9200000,
,,,24.63999949E-3,1.8800000,
,,,24.67999980E-3,1.8399999,
,,,24.72000010E-3,1.8000000,
,,,24.75999855E-3,1.8000000,
,,,24.79999885E-3,1.7199999,
,,,24.83999915E-3,1.7600000,
,,,24.87999946E-3,1.7199999,
,,,24.91999976E-3,1.6799999,
,,,24.96000007E-3,1.6400000,
,,,24.99999851E-3,1.5999999,
,,,25.03999881E-3,1.5599999,
,,,25.07999912E-3,1.5200000,
,,,25.11999942E-3,1.5200000,
,,,25.15999973E-3,1.5200000,
,,,25.20000003E-3,1.4800000,
,,,25.23999847E-3,1.4800000,
,,,25.27999878E-3,1.4800000,
,,,25.31999908E-3,1.4000000,
,,,25.35999939E-3,1.4000000,
,,,25.39999969E-3,1.3600000,
,,,25.44000000E-3,1.3600000,
,,,25.47999844E-3,1.3600000,
,,,25.51999874E-3,1.3199999,
,,,25.55999905E-3,1.3199999,
,,,25.59999935E-3,1.2400000,
,,,25.63999966E-3,1.2400000,
,,,25.67999996E-3,1.2400000,
,,,25.71999840E-3,1.1999999,
,,,25.75999871E-3,1.1999999,
,,,25.79999901E-3,1.1999999,
,,,25.83999932E-3,1.1600000,
,,,25.87999962E-3,1.1999999,
,,,25.91999993E-3,1.1600000,
,,,25.95999837E-3,1.1600000,
,,,25.99999867E-3,1.1600000,
,,,26.03999898E-3,1.1200000,
,,,26.07999928E-3,1.1200000,
,,,26.11999959E-3,1.1200000,
,,,26.15999989E-3,1.0799999,
,,,26.19999833E-3,1.1200000,
,,,26.23999864E-3,1.0799999,
,,,26.27999894E-3,1.0799999,
,,,26.31999925E-3,1.0799999,
,,,26.35999955E-3,1.0799999,
,,,26.39999986E-3,1.0400000,
,,,26.43999830E-3,1.0400000,
,,,26.47999860E-3,1.0400000,
,,,26.51999891E-3,1.0400000,
,,,26.55999921E-3,1.000000,
,,,26.59999952E-3,1.000000,
,,,26.63999982E-3,1.000000,
,,,26.68000013E-3,1.000000,
,,,26.71999857E-3,1.000000,
,,,26.75999887E-3,959.999978542E-3,
,,,26.79999918E-3,959.999978542E-3,
,,,26.83999948E-3,1.000000,
,,,26.87999979E-3,1.000000,
,,,26.92000009E-3,959.999978542E-3,
,,,26.95999853E-3,959.999978542E-3,
,,,26.99999884E-3,599.999964237E-3,
,,,27.03999914E-3,519.999980927E-3,
,,,27.07999945E-3,1.0400000,
,,,27.11999975E-3,1.0400000,
,,,27.16000006E-3,1.0400000,
,,,27.19999850E-3,1.0400000,
,,,27.23999880E-3,1.0400000,
,,,27.27999911E-3,1.000000,
,,,27.31999941E-3,1.0400000,
,,,27.35999972E-3,1.0400000,
,,,27.40000002E-3,1.0400000,
,,,27.43999846E-3,1.0400000,
,,,27.47999877E-3,1.0400000,
,,,27.51999907E-3,1.0400000,
,,,27.55999938E-3,1.0400000,
,,,27.59999968E-3,1.0400000,
,,,27.63999999E-3,1.0400000,
,,,27.67999843E-3,1.0799999,
,,,27.71999873E-3,1.0400000,
,,,27.75999904E-3,1.0799999,
,,,27.79999934E-3,1.0799999,
,,,27.83999965E-3,1.0799999,
,,,27.87999995E-3,1.1200000,
,,,27.91999839E-3,1.0799999,
,,,27.95999870E-3,1.0799999,
,,,27.99999900E-3,1.1200000,
,,,28.03999931E-3,1.1200000,
,,,28.07999961E-3,1.1200000,
,,,28.11999992E-3,1.1200000,
,,,28.15999836E-3,1.1200000,
,,,28.19999866E-3,1.1600000,
,,,28.23999897E-3,1.1200000,
,,,28.27999927E-3,1.1600000,
,,,28.31999958E-3,1.1600000,
,,,28.35999988E-3,1.1600000,
,,,28.39999832E-3,1.1600000,
,,,28.43999863E-3,1.1999999,
,,,28.47999893E-3,1.1999999,
,,,28.51999924E-3,1.2400000,
,,,28.55999954E-3,1.1999999,
,,,28.59999985E-3,1.2400000,
,,,28.63999829E-3,1.2800000,
,,,28.67999859E-3,1.2400000,
,,,28.71999890E-3,1.2800000,
,,,28.75999920E-3,1.3199999,
,,,28.79999951E-3,1.3199999,
,,,28.83999981E-3,1.3199999,
,,,28.87999825E-3,1.3600000,
,,,28.91999856E-3,1.4000000,
,,,28.95999886E-3,1.4000000,
,,,28.99999917E-3,1.4000000,
,,,29.03999947E-3,1.4000000,
,,,29.07999977E-3,1.4399999,
,,,29.11999822E-3,1.4800000,
,,,29.15999852E-3,1.4800000,
,,,29.19999883E-3,1.5200000,
,,,29.23999913E-3,1.5599999,
,,,29.27999943E-3,1.5200000,
,,,29.31999974E-3,1.5999999,
,,,29.36000004E-3,1.5999999,
,,,29.39999849E-3,1.5999999,
,,,29.43999879E-3,1.6400000,
,,,29.47999910E-3,1.6799999,
,,,29.51999940E-3,1.7199999,
,,,29.55999970E-3,1.7199999,
,,,29.60000001E-3,1.7199999,
,,,29.63999845E-3,1.8000000,
,,,29.67999876E-3,1.8000000,
,,,29.71999906E-3,1.8000000,
,,,29.75999936E-3,1.8000000,
,,,29.79999967E-3,1.8000000,
,,,29.83999997E-3,1.8399999,
,,,29.87999842E-3,1.8399999,
,,,29.91999872E-3,1.8800000,
,,,29.95999902E-3,1.8800000,
,,,29.99999933E-3,1.8800000,
,,,30.03999963E-3,1.8800000,
,,,30.07999994E-3,1.8399999,
,,,30.11999838E-3,1.8399999,
,,,30.15999869E-3,1.8000000,
,,,30.19999899E-3,1.8000000,
,,,30.23999929E-3,1.8000000,
,,,30.27999960E-3,1.8000000,
,,,30.31999990E-3,1.7600000,
,,,30.35999835E-3,1.7199999,
,,,30.39999865E-3,1.7199999,
,,,30.43999895E-3,1.6799999,
,,,30.47999926E-3,1.6400000,
,,,30.51999956E-3,1.6400000,
,,,30.55999987E-3,1.5999999,
,,,30.59999831E-3,1.5999999,
,,,30.63999861E-3,1.5599999,
,,,30.67999892E-3,1.5200000,
,,,30.71999922E-3,1.5200000,
,,,30.75999953E-3,1.4800000,
,,,30.79999983E-3,1.4399999,
,,,30.83999828E-3,1.4000000,
,,,30.87999858E-3,1.4000000,
,,,30.91999888E-3,1.3600000,
,,,30.95999919E-3,1.3600000,
,,,30.99999949E-3,1.3199999,
,,,31.03999980E-3,1.3199999,
,,,31.07999824E-3,1.2800000,
,,,31.11999854E-3,1.2400000,
,,,31.15999885E-3,1.1999999,
,,,31.19999915E-3,1.1999999,
,,,31.23999946E-3,1.1999999,
,,,31.27999976E-3,1.1600000,
,,,31.31999820E-3,1.1200000,
,,,31.36000037E-3,1.1600000,
,,,31.39999881E-3,1.1200000,
,,,31.43999726E-3,1.1200000,
,,,31.47999942E-3,1.0799999,
,,,31.51999786E-3,1.0799999,
,,,31.56000003E-3,1.0799999,
,,,31.59999847E-3,1.0400000,
,,,31.64000064E-3,1.000000,
,,,31.67999908E-3,1.0400000,
,,,31.71999753E-3,1.000000,
,,,31.75999969E-3,959.999978542E-3,
,,,31.79999813E-3,959.999978542E-3,
,,,31.84000030E-3,919.999957085E-3,
,,,31.87999874E-3,959.999978542E-3,
,,,31.92000091E-3,919.999957085E-3,
,,,31.95999935E-3,959.999978542E-3,
,,,31.99999779E-3,919.999957085E-3,
,,,32.03999996E-3,919.999957085E-3,
,,,32.07999840E-3,919.999957085E-3,
,,,32.12000057E-3,879.999995232E-3,
,,,32.15999901E-3,919.999957085E-3,
,,,32.19999745E-3,839.999973774E-3,
,,,32.23999962E-3,879.999995232E-3,
,,,32.27999806E-3,839.999973774E-3,
,,,32.32000023E-3,879.999995232E-3,
,,,32.35999867E-3,879.999995232E-3,
,,,32.40000084E-3,839.999973774E-3,
,,,32.43999928E-3,839.999973774E-3,
,,,32.47999772E-3,839.999973774E-3,
,,,32.51999989E-3,839.999973774E-3,
,,,32.55999833E-3,839.999973774E-3,
,,,32.60000050E-3,839.999973774E-3,
,,,32.63999894E-3,799.999952316E-3,
,,,32.67999738E-3,799.999952316E-3,
,,,32.71999955E-3,799.999952316E-3,
,,,32.75999799E-3,799.999952316E-3,
,,,32.80000016E-3,759.999990463E-3,
,,,32.83999860E-3,759.999990463E-3,
,,,32.88000077E-3,759.999990463E-3,
,,,32.91999921E-3,799.999952316E-3,
,,,32.95999765E-3,759.999990463E-3,
,,,32.99999982E-3,479.999989271E-3,
,,,33.03999826E-3,439.999997616E-3,
,,,33.08000043E-3,799.999952316E-3,
,,,33.11999887E-3,839.999973774E-3,
,,,33.15999731E-3,839.999973774E-3,
,,,33.19999948E-3,839.999973774E-3,
,,,33.23999792E-3,839.999973774E-3,
,,,33.28000009E-3,839.999973774E-3,
,,,33.31999853E-3,839.999973774E-3,
,,,33.36000070E-3,839.999973774E-3,
,,,33.39999914E-3,879.999995232E-3,
,,,33.43999758E-3,839.999973774E-3,
,,,33.47999975E-3,839.999973774E-3,
,,,33.51999819E-3,839.999973774E-3,
,,,33.56000036E-3,839.999973774E-3,
,,,33.59999880E-3,839.999973774E-3,
,,,33.63999724E-3,839.999973774E-3,
,,,33.67999941E-3,879.999995232E-3,
,,,33.71999785E-3,879.999995232E-3,
,,,33.76000002E-3,879.999995232E-3,
,,,33.79999846E-3,879.999995232E-3,
,,,33.84000063E-3,879.999995232E-3,
,,,33.87999907E-3,919.999957085E-3,
,,,33.91999751E-3,919.999957085E-3,
,,,33.95999968E-3,919.999957085E-3,
,,,33.99999812E-3,919.999957085E-3,
,,,34.04000029E-3,919.999957085E-3,
,,,34.07999873E-3,919.999957085E-3,
,,,34.11999717E-3,919.999957085E-3,
,,,34.15999934E-3,919.999957085E-3,
,,,34.19999778E-3,959.999978542E-3,
,,,34.23999995E-3,959.999978542E-3,
,,,34.27999839E-3,919.999957085E-3,
,,,34.32000056E-3,959.999978542E-3,
,,,34.35999900E-3,1.000000,
,,,34.39999744E-3,1.000000,
,,,34.43999961E-3,1.000000,
,,,34.47999805E-3,1.0400000,
,,,34.52000022E-3,1.0400000,
,,,34.55999866E-3,1.0400000,
,,,34.60000083E-3,1.0400000,
,,,34.63999927E-3,1.0400000,
,,,34.67999771E-3,1.0799999,
,,,34.71999988E-3,1.1200000,
,,,34.75999832E-3,1.0799999,
,,,34.80000049E-3,1.1200000,
,,,34.83999893E-3,1.1200000,
,,,34.87999737E-3,1.1600000,
,,,34.91999954E-3,1.1600000,
,,,34.95999798E-3,1.1600000,
,,,35.00000015E-3,1.1999999,
,,,35.03999859E-3,1.1999999,
,,,35.08000076E-3,1.1999999,
,,,35.11999920E-3,1.1999999,
,,,35.15999764E-3,1.2400000,
,,,35.19999981E-3,1.2800000,
,,,35.23999825E-3,1.3199999,
,,,35.28000042E-3,1.2800000,
,,,35.31999886E-3,1.3199999,
,,,35.35999730E-3,1.3600000,
,,,35.39999947E-3,1.3600000,
,,,35.43999791E-3,1.4000000,
,,,35.48000008E-3,1.4000000,
,,,35.51999852E-3,1.4000000,
,,,35.56000069E-3,1.4800000,
,,,35.59999913E-3,1.4800000,
,,,35.63999757E-3,1.4800000,
,,,35.67999974E-3,1.5200000,
,,,35.71999818E-3,1.5200000,
,,,35.76000035E-3,1.5200000,
,,,35.79999879E-3,1.5599999,
,,,35.83999723E-3,1.5599999,
,,,35.87999940E-3,1.5599999,
,,,35.91999784E-3,1.5599999,
,,,35.96000001E-3,1.5599999,
,,,35.99999845E-3,1.5999999,
,,,36.04000062E-3,1.5999999,
,,,36.07999906E-3,1.5599999,
,,,36.11999750E-3,1.5599999,
,,,36.15999967E-3,1.5200000,
,,,36.19999811E-3,1.5200000,
,,,36.24000028E-3,1.5200000,
,,,36.27999872E-3,1.5200000,
,,,36.31999716E-3,1.5200000,
,,,36.35999933E-3,1.4800000,
,,,36.39999777E-3,1.4800000,
,,,36.43999994E-3,1.4399999,
,,,36.47999838E-3,1.4000000,
,,,36.52000055E-3,1.3600000,
,,,36.55999899E-3,1.3600000,
,,,36.59999743E-3,1.3600000,
,,,36.63999960E-3,1.3199999,
,,,36.67999804E-3,1.3199999,
,,,36.72000021E-3,1.2800000,
,,,36.75999865E-3,1.2400000,
,,,36.79999709E-3,1.2400000,
,,,36.83999926E-3,1.1999999,
,,,36.87999770E-3,1.1999999,
,,,36.91999987E-3,1.1600000,
,,,36.95999831E-3,1.1600000,
,,,37.00000048E-3,1.1200000,
,,,37.03999892E-3,1.1200000,
,,,37.07999736E-3,1.1200000,
,,,37.11999953E-3,1.0400000,
,,,37.15999797E-3,1.0400000,
,,,37.20000014E-3,1.0400000,
,,,37.23999858E-3,1.0400000,
,,,37.28000075E-3,1.000000,
,,,37.31999919E-3,1.000000,
,,,37.35999763E-3,1.000000,
,,,37.39999980E-3,959.999978542E-3,
,,,37.43999824E-3,919.999957085E-3,
,,,37.48000041E-3,919.999957085E-3,
,,,37.51999885E-3,919.999957085E-3,
,,,37.55999729E-3,919.999957085E-3,
,,,37.59999946E-3,879.999995232E-3,
,,,37.63999790E-3,879.999995232E-3,
,,,37.68000007E-3,839.999973774E-3,
,,,37.71999851E-3,879.999995232E-3,
,,,37.76000068E-3,839.999973774E-3,
,,,37.79999912E-3,839.999973774E-3,
,,,37.83999756E-3,839.999973774E-3,
,,,37.87999973E-3,839.999973774E-3,
,,,37.91999817E-3,839.999973774E-3,
,,,37.96000034E-3,799.999952316E-3,
,,,37.99999878E-3,759.999990463E-3,
,,,38.03999722E-3,759.999990463E-3,
,,,38.07999939E-3,759.999990463E-3,
,,,38.11999783E-3,759.999990463E-3,
,,,38.16000000E-3,759.999990463E-3,
,,,38.19999844E-3,799.999952316E-3,
,,,38.24000061E-3,759.999990463E-3,
,,,38.27999905E-3,719.999969006E-3,
,,,38.31999749E-3,759.999990463E-3,
,,,38.35999966E-3,719.999969006E-3,
,,,38.39999810E-3,759.999990463E-3,
,,,38.44000027E-3,719.999969006E-3,
,,,38.47999871E-3,719.999969006E-3,
,,,38.51999715E-3,759.999990463E-3,
,,,38.55999932E-3,719.999969006E-3,
,,,38.59999776E-3,719.999969006E-3,
,,,38.63999993E-3,719.999969006E-3,
,,,38.67999837E-3,719.999969006E-3,
,,,38.72000054E-3,719.999969006E-3,
,,,38.75999898E-3,719.999969006E-3,
,,,38.79999742E-3,719.999969006E-3,
,,,38.83999959E-3,719.999969006E-3,
,,,38.87999803E-3,680.000007153E-3,
,,,38.92000020E-3,680.000007153E-3,
,,,38.95999864E-3,680.000007153E-3,
,,,38.99999708E-3,399.99997616E-3,
,,,39.03999925E-3,359.99998450E-3,
,,,39.07999769E-3,719.999969006E-3,
,,,39.11999986E-3,759.999990463E-3,
,,,39.15999830E-3,759.999990463E-3,
,,,39.20000046E-3,759.999990463E-3,
,,,39.23999891E-3,759.999990463E-3,
,,,39.27999735E-3,759.999990463E-3,
,,,39.31999952E-3,759.999990463E-3,
,,,39.35999796E-3,759.999990463E-3,
,,,39.40000013E-3,759.999990463E-3,
,,,39.43999857E-3,759.999990463E-3,
,,,39.48000073E-3,719.999969006E-3,
,,,39.51999918E-3,759.999990463E-3,
,,,39.55999762E-3,759.999990463E-3,
,,,39.59999979E-3,759.999990463E-3,
,,,39.63999823E-3,759.999990463E-3,
,,,39.68000039E-3,759.999990463E-3,
,,,39.71999884E-3,759.999990463E-3,
,,,39.75999728E-3,759.999990463E-3,
,,,39.79999945E-3,759.999990463E-3,
,,,39.83999789E-3,759.999990463E-3,
,,,39.88000005E-3,799.999952316E-3,
,,,39.91999850E-3,799.999952316E-3,
,,,39.96000066E-3,799.999952316E-3,
,,,39.99999911E-3,799.999952316E-3,
,,,40.03999755E-3,799.999952316E-3,
,,,40.07999972E-3,799.999952316E-3,
,,,40.11999816E-3,799.999952316E-3,
,,,40.16000032E-3,839.999973774E-3,
,,,40.19999877E-3,799.999952316E-3,
,,,40.23999721E-3,759.999990463E-3,
,,,40.27999938E-3,839.999973774E-3,
,,,40.31999782E-3,839.999973774E-3,
,,,40.35999998E-3,839.999973774E-3,
,,,40.39999843E-3,839.999973774E-3,
,,,40.44000059E-3,839.999973774E-3,
,,,40.47999904E-3,879.999995232E-3,
,,,40.51999748E-3,839.999973774E-3,
,,,40.55999964E-3,879.999995232E-3,
,,,40.59999809E-3,879.999995232E-3,
,,,40.64000025E-3,879.999995232E-3,
,,,40.67999870E-3,919.999957085E-3,
,,,40.71999714E-3,919.999957085E-3,
,,,40.75999931E-3,919.999957085E-3,
,,,40.79999775E-3,919.999957085E-3,
,,,40.83999991E-3,959.999978542E-3,
,,,40.87999836E-3,959.999978542E-3,
,,,40.92000052E-3,1.000000,
,,,40.95999897E-3,1.000000,
,,,40.99999741E-3,1.000000,
,,,41.03999957E-3,1.0400000,
,,,41.07999802E-3,1.0400000,
,,,41.12000018E-3,1.0400000,
,,,41.15999863E-3,1.0799999,
,,,41.19999707E-3,1.0799999,
,,,41.23999923E-3,1.0799999,
,,,41.27999768E-3,1.1200000,
,,,41.31999984E-3,1.1200000,
,,,41.35999829E-3,1.1600000,
,,,41.40000045E-3,1.1600000,
,,,41.43999889E-3,1.1600000,
,,,41.47999734E-3,1.1999999,
,,,41.51999950E-3,1.1999999,
,,,41.55999795E-3,1.1999999,
,,,41.60000011E-3,1.2400000,
,,,41.63999856E-3,1.2400000,
,,,41.67999700E-3,1.2800000,
,,,41.71999916E-3,1.2800000,
,,,41.75999761E-3,1.3199999,
,,,41.79999977E-3,1.2800000,
,,,41.83999822E-3,1.3199999,
,,,41.88000038E-3,1.3600000,
,,,41.91999882E-3,1.3199999,
,,,41.95999727E-3,1.3199999,
,,,41.99999943E-3,1.3600000,
,,,42.03999788E-3,1.3199999,
,,,42.08000004E-3,1.3199999,
,,,42.11999848E-3,1.3199999,
,,,42.16000065E-3,1.3199999,
,,,42.19999909E-3,1.3199999,
,,,42.23999754E-3,1.2800000,
,,,42.27999970E-3,1.2400000,
,,,42.31999815E-3,1.2400000,
,,,42.36000031E-3,1.2400000,
,,,42.39999875E-3,1.1999999,
,,,42.43999720E-3,1.1999999,
,,,42.47999936E-3,1.1600000,
,,,42.51999781E-3,1.1999999,
,,,42.55999997E-3,1.1600000,
,,,42.59999841E-3,1.1600000,
,,,42.64000058E-3,1.1200000,
,,,42.67999902E-3,1.1200000,
,,,42.71999747E-3,1.0799999,
,,,42.75999963E-3,1.0400000,
,,,42.79999807E-3,1.0400000,
,,,42.84000024E-3,1.000000,
,,,42.87999868E-3,1.000000,
,,,42.91999713E-3,1.000000,
,,,42.95999929E-3,959.999978542E-3,
,,,42.99999774E-3,959.999978542E-3,
,,,43.03999990E-3,919.999957085E-3,
,,,43.07999834E-3,919.999957085E-3,
,,,43.12000051E-3,879.999995232E-3,
,,,43.15999895E-3,879.999995232E-3,
,,,43.19999740E-3,879.999995232E-3,
,,,43.23999956E-3,839.999973774E-3,
,,,43.27999800E-3,839.999973774E-3,
,,,43.32000017E-3,799.999952316E-3,
,,,43.35999861E-3,839.999973774E-3,
,,,43.39999706E-3,799.999952316E-3,
,,,43.43999922E-3,799.999952316E-3,
,,,43.47999766E-3,799.999952316E-3,
,,,43.51999983E-3,759.999990463E-3,
,,,43.55999827E-3,759.999990463E-3,
,,,43.60000044E-3,759.999990463E-3,
,,,43.63999888E-3,719.999969006E-3,
,,,43.67999732E-3,719.999969006E-3,
,,,43.71999949E-3,719.999969006E-3,
,,,43.75999793E-3,719.999969006E-3,
,,,43.80000010E-3,719.999969006E-3,
,,,43.83999854E-3,680.000007153E-3,
,,,43.87999699E-3,719.999969006E-3,
,,,43.91999915E-3,680.000007153E-3,
,,,43.95999759E-3,680.000007153E-3,
,,,43.99999976E-3,680.000007153E-3,
,,,44.03999820E-3,639.999985695E-3,
,,,44.08000037E-3,639.999985695E-3,
,,,44.11999881E-3,639.999985695E-3,
,,,44.15999725E-3,639.999985695E-3,
,,,44.19999942E-3,639.999985695E-3,
,,,44.23999786E-3,639.999985695E-3,
,,,44.28000003E-3,599.999964237E-3,
,,,44.31999847E-3,639.999985695E-3,
,,,44.35999691E-3,639.999985695E-3,
,,,44.39999908E-3,560.000002384E-3,
,,,44.43999752E-3,599.999964237E-3,
,,,44.47999969E-3,639.999985695E-3,
,,,44.51999813E-3,599.999964237E-3,
,,,44.56000030E-3,560.000002384E-3,
,,,44.59999874E-3,599.999964237E-3,
,,,44.63999718E-3,599.999964237E-3,
,,,44.67999935E-3,560.000002384E-3,
,,,44.71999779E-3,560.000002384E-3,
,,,44.75999996E-3,560.000002384E-3,
,,,44.79999840E-3,599.999964237E-3,
,,,44.84000057E-3,560.000002384E-3,
,,,44.87999901E-3,560.000002384E-3,
,,,44.91999745E-3,560.000002384E-3,
,,,44.95999962E-3,519.999980927E-3,
,,,44.99999806E-3,359.99998450E-3,
,,,45.04000023E-3,280.00000119E-3,
,,,45.07999867E-3,599.999964237E-3,
,,,45.11999711E-3,639.999985695E-3,
,,,45.15999928E-3,599.999964237E-3,
,,,45.19999772E-3,599.999964237E-3,
,,,45.23999989E-3,639.999985695E-3,
,,,45.27999833E-3,639.999985695E-3,
,,,45.32000050E-3,639.999985695E-3,
,,,45.35999894E-3,639.999985695E-3,
,,,45.39999738E-3,639.999985695E-3,
,,,45.43999955E-3,639.999985695E-3,
,,,45.47999799E-3,639.999985695E-3,
,,,45.52000016E-3,639.999985695E-3,
,,,45.55999860E-3,639.999985695E-3,
,,,45.59999704E-3,639.999985695E-3,
,,,45.63999921E-3,639.999985695E-3,
,,,45.67999765E-3,639.999985695E-3,
,,,45.71999982E-3,639.999985695E-3,
,,,45.75999826E-3,639.999985695E-3,
,,,45.80000043E-3,639.999985695E-3,
,,,45.83999887E-3,639.999985695E-3,
,,,45.87999731E-3,680.000007153E-3,
,,,45.91999948E-3,639.999985695E-3,
,,,45.95999792E-3,639.999985695E-3,
,,,46.00000009E-3,639.999985695E-3,
,,,46.03999853E-3,680.000007153E-3,
,,,46.07999697E-3,680.000007153E-3,
,,,46.11999914E-3,680.000007153E-3,
,,,46.15999758E-3,680.000007153E-3,
,,,46.19999975E-3,680.000007153E-3,
,,,46.23999819E-3,680.000007153E-3,
,,,46.28000036E-3,680.000007153E-3,
,,,46.31999880E-3,719.999969006E-3,
,,,46.35999724E-3,719.999969006E-3,
,,,46.39999941E-3,719.999969006E-3,
,,,46.43999785E-3,719.999969006E-3,
,,,46.48000002E-3,719.999969006E-3,
,,,46.51999846E-3,759.999990463E-3,
,,,46.55999690E-3,759.999990463E-3,
,,,46.59999907E-3,759.999990463E-3,
,,,46.63999751E-3,759.999990463E-3,
,,,46.67999968E-3,759.999990463E-3,
,,,46.71999812E-3,799.999952316E-3,
,,,46.76000029E-3,759.999990463E-3,
,,,46.79999873E-3,799.999952316E-3,
,,,46.83999717E-3,799.999952316E-3,
,,,46.87999934E-3,839.999973774E-3,
,,,46.91999778E-3,839.999973774E-3,
,,,46.95999995E-3,839.999973774E-3,
,,,46.99999839E-3,839.999973774E-3,
,,,47.04000056E-3,839.999973774E-3,
,,,47.07999900E-3,879.999995232E-3,
,,,47.11999744E-3,879.999995232E-3,
,,,47.15999961E-3,919.999957085E-3,
,,,47.19999805E-3,919.999957085E-3,
,,,47.24000022E-3,919.999957085E-3,
,,,47.27999866E-3,1.000000,
,,,47.31999710E-3,959.999978542E-3,
,,,47.35999927E-3,1.000000,
,,,47.39999771E-3,1.0400000,
,,,47.43999988E-3,1.000000,
,,,47.47999832E-3,1.0400000,
,,,47.52000049E-3,1.0400000,
,,,47.55999893E-3,1.0400000,
,,,47.59999737E-3,1.0799999,
,,,47.63999954E-3,1.1200000,
,,,47.67999798E-3,1.0799999,
,,,47.72000015E-3,1.1200000,
,,,47.75999859E-3,1.1200000,
,,,47.79999703E-3,1.1200000,
,,,47.83999920E-3,1.1600000,
,,,47.87999764E-3,1.1200000,
,,,47.91999981E-3,1.1600000,
,,,47.95999825E-3,1.1200000,
,,,48.00000042E-3,1.1600000,
,,,48.03999886E-3,1.1200000,
,,,48.07999730E-3,1.1200000,
,,,48.11999947E-3,1.1600000,
,,,48.15999791E-3,1.1200000,
,,,48.20000008E-3,1.1200000,
,,,48.23999852E-3,1.1200000,
,,,48.27999696E-3,1.1200000,
,,,48.31999913E-3,1.0799999,
,,,48.35999757E-3,1.0799999,
,,,48.39999974E-3,1.0400000,
,,,48.43999818E-3,1.0400000,
,,,48.48000035E-3,1.0400000,
,,,48.51999879E-3,1.000000,
,,,48.55999723E-3,1.000000,
,,,48.59999940E-3,959.999978542E-3,
,,,48.63999784E-3,959.999978542E-3,
,,,48.68000001E-3,919.999957085E-3,
,,,48.71999845E-3,919.999957085E-3,
,,,48.75999689E-3,919.999957085E-3,
,,,48.79999906E-3,879.999995232E-3,
,,,48.83999750E-3,879.999995232E-3,
,,,48.87999967E-3,879.999995232E-3,
,,,48.91999811E-3,839.999973774E-3,
,,,48.96000028E-3,839.999973774E-3,
,,,48.99999872E-3,799.999952316E-3,
,,,49.03999716E-3,839.999973774E-3,
,,,49.07999933E-3,799.999952316E-3,
,,,49.11999777E-3,759.999990463E-3,
,,,49.15999994E-3,799.999952316E-3,
,,,49.19999838E-3,799.999952316E-3,
,,,49.23999682E-3,759.999990463E-3,
,,,49.27999899E-3,719.999969006E-3,
,,,49.31999743E-3,719.999969006E-3,
,,,49.35999960E-3,680.000007153E-3,
,,,49.39999804E-3,719.999969006E-3,
,,,49.44000021E-3,680.000007153E-3,
,,,49.47999865E-3,680.000007153E-3,
,,,49.51999709E-3,680.000007153E-3,
,,,49.55999926E-3,639.999985695E-3,
,,,49.59999770E-3,680.000007153E-3,
,,,49.63999987E-3,639.999985695E-3,
,,,49.67999831E-3,639.999985695E-3,
,,,49.72000048E-3,639.999985695E-3,
,,,49.75999892E-3,639.999985695E-3,
,,,49.79999736E-3,599.999964237E-3,
,,,49.83999953E-3,599.999964237E-3,
,,,49.87999797E-3,599.999964237E-3,
,,,49.92000014E-3,599.999964237E-3,
,,,49.95999858E-3,599.999964237E-3,
,,,49.99999702E-3,599.999964237E-3,
,,,50.03999919E-3,560.000002384E-3,
,,,50.07999763E-3,599.999964237E-3,
,,,50.11999980E-3,560.000002384E-3,
,,,50.15999824E-3,599.999964237E-3,
,,,50.20000041E-3,519.999980927E-3,
,,,50.23999885E-3,560.000002384E-3,
,,,50.27999729E-3,560.000002384E-3,
,,,50.31999946E-3,560.000002384E-3,
,,,50.35999790E-3,560.000002384E-3,
,,,50.40000007E-3,519.999980927E-3,
,,,50.43999851E-3,560.000002384E-3,
,,,50.47999695E-3,519.999980927E-3,
,,,50.51999912E-3,560.000002384E-3,
,,,50.55999756E-3,519.999980927E-3,
,,,50.59999973E-3,519.999980927E-3,
,,,50.63999817E-3,519.999980927E-3,
,,,50.68000033E-3,519.999980927E-3,
,,,50.71999878E-3,560.000002384E-3,
,,,50.75999722E-3,519.999980927E-3,
,,,50.79999939E-3,519.999980927E-3,
,,,50.83999783E-3,519.999980927E-3,
,,,50.88000000E-3,519.999980927E-3,
,,,50.91999844E-3,519.999980927E-3,
,,,50.95999688E-3,519.999980927E-3,
,,,50.99999905E-3,319.99999285E-3,
,,,51.03999749E-3,280.00000119E-3,
,,,51.07999966E-3,560.000002384E-3,
,,,51.11999810E-3,599.999964237E-3,
,,,51.16000026E-3,560.000002384E-3,
,,,51.19999871E-3,599.999964237E-3,
,,,51.23999715E-3,599.999964237E-3,
,,,51.27999932E-3,599.999964237E-3,
,,,51.31999776E-3,599.999964237E-3,
,,,51.35999992E-3,599.999964237E-3,
,,,51.39999837E-3,599.999964237E-3,
,,,51.43999681E-3,599.999964237E-3,
,,,51.47999898E-3,599.999964237E-3,
,,,51.51999742E-3,599.999964237E-3,
,,,51.55999959E-3,599.999964237E-3,
,,,51.59999803E-3,599.999964237E-3,
,,,51.64000019E-3,599.999964237E-3,
,,,51.67999864E-3,599.999964237E-3,
,,,51.71999708E-3,599.999964237E-3,
,,,51.75999925E-3,599.999964237E-3,
,,,51.79999769E-3,599.999964237E-3,
,,,51.83999985E-3,599.999964237E-3,
,,,51.87999830E-3,599.999964237E-3,
,,,51.91999674E-3,560.000002384E-3,
,,,51.95999891E-3,599.999964237E-3,
,,,51.99999735E-3,599.999964237E-3,
,,,52.03999951E-3,560.000002384E-3,
,,,52.07999796E-3,639.999985695E-3,
,,,52.12000012E-3,599.999964237E-3,
,,,52.15999857E-3,599.999964237E-3,
,,,52.19999701E-3,599.999964237E-3,
,,,52.23999918E-3,639.999985695E-3,
,,,52.27999762E-3,639.999985695E-3,
,,,52.31999978E-3,639.999985695E-3,
,,,52.35999823E-3,599.999964237E-3,
,,,52.40000039E-3,680.000007153E-3,
,,,52.43999884E-3,639.999985695E-3,
,,,52.47999728E-3,639.999985695E-3,
,,,52.51999944E-3,639.999985695E-3,
,,,52.55999789E-3,680.000007153E-3,
,,,52.60000005E-3,680.000007153E-3,
,,,52.63999850E-3,680.000007153E-3,
,,,52.67999694E-3,680.000007153E-3,
,,,52.71999910E-3,680.000007153E-3,
,,,52.75999755E-3,719.999969006E-3,
,,,52.79999971E-3,680.000007153E-3,
,,,52.83999816E-3,680.000007153E-3,
,,,52.88000032E-3,719.999969006E-3,
,,,52.91999876E-3,719.999969006E-3,
,,,52.95999721E-3,719.999969006E-3,
,,,52.99999937E-3,719.999969006E-3,
,,,53.03999782E-3,719.999969006E-3,
,,,53.07999998E-3,759.999990463E-3,
,,,53.11999843E-3,799.999952316E-3,
,,,53.15999687E-3,799.999952316E-3,
,,,53.19999903E-3,839.999973774E-3,
,,,53.23999748E-3,839.999973774E-3,
,,,53.27999964E-3,839.999973774E-3,
,,,53.31999809E-3,839.999973774E-3,
,,,53.36000025E-3,839.999973774E-3,
,,,53.39999869E-3,879.999995232E-3,
,,,53.43999714E-3,879.999995232E-3,
,,,53.47999930E-3,879.999995232E-3,
,,,53.51999775E-3,879.999995232E-3,
,,,53.55999991E-3,919.999957085E-3,
,,,53.59999835E-3,919.999957085E-3,
,,,53.63999680E-3,959.999978542E-3,
,,,53.67999896E-3,959.999978542E-3,
,,,53.71999741E-3,919.999957085E-3,
,,,53.75999957E-3,959.999978542E-3,
,,,53.79999802E-3,959.999978542E-3,
,,,53.84000018E-3,1.000000,
,,,53.87999862E-3,1.000000,
,,,53.91999707E-3,1.000000,
,,,53.95999923E-3,1.000000,
,,,53.99999768E-3,1.0400000,
,,,54.03999984E-3,1.000000,
,,,54.07999828E-3,1.000000,
,,,54.11999673E-3,959.999978542E-3,
,,,54.15999889E-3,959.999978542E-3,
,,,54.19999734E-3,959.999978542E-3,
,,,54.23999950E-3,919.999957085E-3,
,,,54.27999794E-3,959.999978542E-3,
,,,54.32000011E-3,919.999957085E-3,
,,,54.35999855E-3,919.999957085E-3,
,,,54.39999700E-3,919.999957085E-3,
,,,54.43999916E-3,879.999995232E-3,
,,,54.47999761E-3,919.999957085E-3,
,,,54.51999977E-3,879.999995232E-3,
,,,54.55999821E-3,839.999973774E-3,
,,,54.599996656E-3,839.999973774E-3,
,,,54.639998823E-3,839.999973774E-3,
,,,54.679997265E-3,799.999952316E-3,
,,,54.719999433E-3,799.999952316E-3,
,,,54.759997874E-3,799.999952316E-3,
,,,54.800000042E-3,759.999990463E-3,
,,,54.839998484E-3,759.999990463E-3,
,,,54.879996926E-3,719.999969006E-3,
,,,54.919999093E-3,759.999990463E-3,
,,,54.959997535E-3,719.999969006E-3,
,,,54.999999702E-3,719.999969006E-3,
,,,55.039998144E-3,680.000007153E-3,
,,,55.080000311E-3,680.000007153E-3,
,,,55.119998753E-3,680.000007153E-3,
,,,55.159997195E-3,639.999985695E-3,
,,,55.199999362E-3,680.000007153E-3,
,,,55.239997804E-3,639.999985695E-3,
,,,55.279999971E-3,639.999985695E-3,
,,,55.319998413E-3,639.999985695E-3,
,,,55.359996855E-3,639.999985695E-3,
,,,55.399999022E-3,639.999985695E-3,
,,,55.439997464E-3,599.999964237E-3,
,,,55.479999632E-3,560.000002384E-3,
,,,55.519998074E-3,560.000002384E-3,
,,,55.560000241E-3,560.000002384E-3,
,,,55.599998683E-3,560.000002384E-3,
,,,55.639997125E-3,519.999980927E-3,
,,,55.679999292E-3,519.999980927E-3,
,,,55.719997734E-3,519.999980927E-3,
,,,55.759999901E-3,519.999980927E-3,
,,,55.799998343E-3,560.000002384E-3,
,,,55.839996785E-3,519.999980927E-3,
,,,55.879998952E-3,519.999980927E-3,
,,,55.919997394E-3,519.999980927E-3,
,,,55.959999561E-3,519.999980927E-3,
,,,55.999998003E-3,519.999980927E-3,
,,,56.040000170E-3,479.999989271E-3,
,,,56.079998612E-3,479.999989271E-3,
,,,56.119997054E-3,479.999989271E-3,
,,,56.159999222E-3,479.999989271E-3,
,,,56.199997663E-3,479.999989271E-3,
,,,56.239999831E-3,479.999989271E-3,
,,,56.279998273E-3,479.999989271E-3,
,,,56.319996715E-3,439.999997616E-3,
,,,56.359998882E-3,479.999989271E-3,
,,,56.399997324E-3,479.999989271E-3,
,,,56.439999491E-3,439.999997616E-3,
,,,56.479997933E-3,439.999997616E-3,
,,,56.520000100E-3,439.999997616E-3,
,,,56.559998542E-3,439.999997616E-3,
,,,56.599996984E-3,439.999997616E-3,
,,,56.639999151E-3,439.999997616E-3,
,,,56.679997593E-3,439.999997616E-3,
,,,56.719999760E-3,439.999997616E-3,
,,,56.759998202E-3,439.999997616E-3,
,,,56.799996644E-3,439.999997616E-3,
,,,56.839998811E-3,439.999997616E-3,
,,,56.879997253E-3,439.999997616E-3,
,,,56.919999421E-3,439.999997616E-3,
,,,56.959997863E-3,439.999997616E-3,
,,,57.000000030E-3,280.00000119E-3,
,,,57.039998472E-3,199.99998808E-3,
,,,57.079996914E-3,479.999989271E-3,
,,,57.119999081E-3,479.999989271E-3,
,,,57.159997523E-3,479.999989271E-3,
,,,57.199999690E-3,519.999980927E-3,
,,,57.239998132E-3,479.999989271E-3,
,,,57.279996574E-3,519.999980927E-3,
,,,57.319998741E-3,479.999989271E-3,
,,,57.359997183E-3,479.999989271E-3,
,,,57.399999350E-3,519.999980927E-3,
,,,57.439997792E-3,519.999980927E-3,
,,,57.479999959E-3,519.999980927E-3,
,,,57.519998401E-3,479.999989271E-3,
,,,57.559996843E-3,479.999989271E-3,
,,,57.599999011E-3,519.999980927E-3,
,,,57.639997452E-3,519.999980927E-3,
,,,57.679999620E-3,479.999989271E-3,
,,,57.719998062E-3,519.999980927E-3,
,,,57.760000229E-3,479.999989271E-3,
,,,57.799998671E-3,479.999989271E-3,
,,,57.839997113E-3,519.999980927E-3,
,,,57.879999280E-3,479.999989271E-3,
,,,57.919997722E-3,519.999980927E-3,
,,,57.959999889E-3,519.999980927E-3,
,,,57.999998331E-3,519.999980927E-3,
,,,58.039996773E-3,519.999980927E-3,
,,,58.079998940E-3,519.999980927E-3,
,,,58.119997382E-3,519.999980927E-3,
,,,58.159999549E-3,519.999980927E-3,
,,,58.199997991E-3,519.999980927E-3,
,,,58.240000159E-3,519.999980927E-3,
,,,58.279998600E-3,560.000002384E-3,
,,,58.319997042E-3,519.999980927E-3,
,,,58.359999210E-3,519.999980927E-3,
,,,58.399997652E-3,519.999980927E-3,
,,,58.439999819E-3,560.000002384E-3,
,,,58.479998261E-3,519.999980927E-3,
,,,58.519996703E-3,560.000002384E-3,
,,,58.559998870E-3,560.000002384E-3,
,,,58.599997312E-3,599.999964237E-3,
,,,58.639999479E-3,560.000002384E-3,
,,,58.679997921E-3,599.999964237E-3,
,,,58.720000088E-3,599.999964237E-3,
,,,58.759998530E-3,599.999964237E-3,
,,,58.799996972E-3,639.999985695E-3,
,,,58.839999139E-3,599.999964237E-3,
,,,58.879997581E-3,639.999985695E-3,
,,,58.919999748E-3,639.999985695E-3,
,,,58.959998190E-3,639.999985695E-3,
,,,58.999996632E-3,639.999985695E-3,
,,,59.039998800E-3,639.999985695E-3,
,,,59.079997241E-3,680.000007153E-3,
,,,59.119999409E-3,639.999985695E-3,
,,,59.159997851E-3,680.000007153E-3,
,,,59.200000018E-3,719.999969006E-3,
,,,59.239998460E-3,719.999969006E-3,
,,,59.279996902E-3,719.999969006E-3,
,,,59.319999069E-3,719.999969006E-3,
,,,59.359997511E-3,759.999990463E-3,
,,,59.399999678E-3,759.999990463E-3,
,,,59.439998120E-3,799.999952316E-3,
,,,59.479996562E-3,799.999952316E-3,
,,,59.519998729E-3,839.999973774E-3,
,,,59.559997171E-3,839.999973774E-3,
,,,59.599999338E-3,799.999952316E-3,
,,,59.639997780E-3,839.999973774E-3,
,,,59.679999948E-3,839.999973774E-3,
,,,59.719998389E-3,839.999973774E-3,
,,,59.759996831E-3,799.999952316E-3,
,,,59.799998999E-3,879.999995232E-3,
,,,59.839997441E-3,839.999973774E-3,
,,,59.879999608E-3,839.999973774E-3,
,,,59.919998050E-3,839.999973774E-3,
,,,59.960000217E-3,879.999995232E-3,
,,,59.999998659E-3,879.999995232E-3,
,,,60.039997101E-3,879.999995232E-3,
,,,60.079999268E-3,839.999973774E-3,
,,,60.119997710E-3,839.999973774E-3,
,,,60.159999877E-3,839.999973774E-3,
,,,60.199998319E-3,839.999973774E-3,
,,,60.239996761E-3,839.999973774E-3,
,,,60.279998928E-3,839.999973774E-3,
,,,60.319997370E-3,799.999952316E-3,
,,,60.359999537E-3,799.999952316E-3,
,,,60.399997979E-3,799.999952316E-3,
,,,60.440000147E-3,799.999952316E-3,
,,,60.479998589E-3,759.999990463E-3,
,,,60.519997030E-3,759.999990463E-3,
,,,60.559999198E-3,759.999990463E-3,
,,,60.599997640E-3,719.999969006E-3,
,,,60.639999807E-3,719.999969006E-3,
,,,60.679998249E-3,719.999969006E-3,
,,,60.719996691E-3,719.999969006E-3,
,,,60.759998858E-3,719.999969006E-3,
,,,60.799997300E-3,639.999985695E-3,
,,,60.839999467E-3,639.999985695E-3,
,,,60.879997909E-3,639.999985695E-3,
,,,60.920000076E-3,639.999985695E-3,
,,,60.959998518E-3,639.999985695E-3,
,,,60.999996960E-3,639.999985695E-3,
,,,61.039999127E-3,639.999985695E-3,
,,,61.079997569E-3,639.999985695E-3,
,,,61.119999737E-3,599.999964237E-3,
,,,61.159998178E-3,599.999964237E-3,
,,,61.199996620E-3,560.000002384E-3,
,,,61.239998788E-3,560.000002384E-3,
,,,61.279997230E-3,560.000002384E-3,
,,,61.319999397E-3,560.000002384E-3,
,,,61.359997839E-3,519.999980927E-3,
,,,61.400000006E-3,519.999980927E-3,
,,,61.439998448E-3,519.999980927E-3,
,,,61.479996890E-3,519.999980927E-3,
,,,61.519999057E-3,519.999980927E-3,
,,,61.559997499E-3,519.999980927E-3,
,,,61.599999666E-3,519.999980927E-3,
,,,61.639998108E-3,519.999980927E-3,
,,,61.679996550E-3,479.999989271E-3,
,,,61.719998717E-3,479.999989271E-3,
,,,61.759997159E-3,479.999989271E-3,
,,,61.799999326E-3,479.999989271E-3,
,,,61.839997768E-3,479.999989271E-3,
,,,61.879999936E-3,479.999989271E-3,
,,,61.919998378E-3,439.999997616E-3,
,,,61.959996819E-3,439.999997616E-3,
,,,61.999998987E-3,479.999989271E-3,
,,,62.039997429E-3,439.999997616E-3,
,,,62.079999596E-3,479.999989271E-3,
,,,62.119998038E-3,479.999989271E-3,
,,,62.159996480E-3,439.999997616E-3,
,,,62.199998647E-3,439.999997616E-3,
,,,62.239997089E-3,439.999997616E-3,
,,,62.279999256E-3,439.999997616E-3,
,,,62.319997698E-3,439.999997616E-3,
,,,62.359999865E-3,439.999997616E-3,
,,,62.399998307E-3,439.999997616E-3,
,,,62.439996749E-3,439.999997616E-3,
,,,62.479998916E-3,439.999997616E-3,
,,,62.519997358E-3,439.999997616E-3,
,,,62.559999526E-3,439.999997616E-3,
,,,62.600001693E-3,439.999997616E-3,
,,,62.639996409E-3,439.999997616E-3,
,,,62.679998577E-3,439.999997616E-3,
,,,62.720000744E-3,439.999997616E-3,
,,,62.759995461E-3,439.999997616E-3,
,,,62.799997628E-3,439.999997616E-3,
,,,62.839999795E-3,439.999997616E-3,
,,,62.880001962E-3,399.99997616E-3,
,,,62.919996679E-3,399.99997616E-3,
,,,62.959998846E-3,399.99997616E-3,
,,,63.000001013E-3,239.99999464E-3,
,,,63.039995730E-3,199.99998808E-3,
,,,63.079997897E-3,439.999997616E-3,
,,,63.120000064E-3,479.999989271E-3,
,,,63.159994781E-3,479.999989271E-3,
,,,63.199996948E-3,479.999989271E-3,
,,,63.239999115E-3,479.999989271E-3,
,,,63.280001283E-3,479.999989271E-3,
,,,63.319995999E-3,439.999997616E-3,
,,,63.359998167E-3,479.999989271E-3,
,,,63.400000334E-3,479.999989271E-3,
,,,63.439995050E-3,439.999997616E-3,
,,,63.479997218E-3,479.999989271E-3,
,,,63.519999385E-3,479.999989271E-3,
,,,63.560001552E-3,479.999989271E-3,
,,,63.599996269E-3,479.999989271E-3,
,,,63.639998436E-3,479.999989271E-3,
,,,63.680000603E-3,479.999989271E-3,
,,,63.719995320E-3,439.999997616E-3,
,,,63.759997487E-3,479.999989271E-3,
,,,63.799999654E-3,479.999989271E-3,
,,,63.840001822E-3,479.999989271E-3,
,,,63.879996538E-3,479.999989271E-3,
,,,63.919998705E-3,479.999989271E-3,
,,,63.960000873E-3,479.999989271E-3,
,,,63.999995589E-3,479.999989271E-3,
,,,64.039997756E-3,479.999989271E-3,
,,,64.079999924E-3,479.999989271E-3,
,,,64.119994640E-3,479.999989271E-3,
,,,64.159996808E-3,479.999989271E-3,
,,,64.199998975E-3,479.999989271E-3,
,,,64.240001142E-3,479.999989271E-3,
,,,64.279995859E-3,479.999989271E-3,
,,,64.319998026E-3,519.999980927E-3,
,,,64.360000193E-3,479.999989271E-3,
,,,64.399994910E-3,479.999989271E-3,
,,,64.439997077E-3,519.999980927E-3,
,,,64.479999244E-3,479.999989271E-3,
,,,64.520001411E-3,519.999980927E-3,
,,,64.559996128E-3,519.999980927E-3,
,,,64.599998295E-3,519.999980927E-3,
,,,64.640000463E-3,519.999980927E-3,
,,,64.679995179E-3,519.999980927E-3,
,,,64.719997346E-3,519.999980927E-3,
,,,64.759999514E-3,519.999980927E-3,
,,,64.800001681E-3,560.000002384E-3,
,,,64.839996397E-3,560.000002384E-3,
,,,64.879998565E-3,560.000002384E-3,
,,,64.920000732E-3,560.000002384E-3,
,,,64.959995449E-3,560.000002384E-3,
,,,64.999997616E-3,560.000002384E-3,
,,,65.039999783E-3,560.000002384E-3,
,,,65.080001950E-3,599.999964237E-3,
,,,65.119996667E-3,599.999964237E-3,
,,,65.159998834E-3,599.999964237E-3,
,,,65.200001001E-3,639.999985695E-3,
,,,65.239995718E-3,599.999964237E-3,
,,,65.279997885E-3,599.999964237E-3,
,,,65.320000052E-3,639.999985695E-3,
,,,65.359994769E-3,639.999985695E-3,
,,,65.399996936E-3,639.999985695E-3,
,,,65.439999104E-3,719.999969006E-3,
,,,65.480001271E-3,680.000007153E-3,
,,,65.519995987E-3,719.999969006E-3,
,,,65.559998155E-3,719.999969006E-3,
,,,65.600000322E-3,719.999969006E-3,
,,,65.639995039E-3,719.999969006E-3,
,,,65.679997206E-3,719.999969006E-3,
,,,65.719999373E-3,719.999969006E-3,
,,,65.760001540E-3,719.999969006E-3,
,,,65.799996257E-3,719.999969006E-3,
,,,65.839998424E-3,719.999969006E-3,
,,,65.880000591E-3,759.999990463E-3,
,,,65.919995308E-3,759.999990463E-3,
,,,65.959997475E-3,759.999990463E-3,
,,,65.999999642E-3,799.999952316E-3,
,,,66.040001810E-3,759.999990463E-3,
,,,66.079996526E-3,759.999990463E-3,
,,,66.119998693E-3,719.999969006E-3,
,,,66.160000861E-3,759.999990463E-3,
,,,66.199995577E-3,719.999969006E-3,
,,,66.239997745E-3,719.999969006E-3,
,,,66.279999912E-3,759.999990463E-3,
,,,66.319994628E-3,719.999969006E-3,
,,,66.359996796E-3,680.000007153E-3,
,,,66.399998963E-3,680.000007153E-3,
,,,66.440001130E-3,680.000007153E-3,
,,,66.479995847E-3,680.000007153E-3,
,,,66.519998014E-3,639.999985695E-3,
,,,66.560000181E-3,639.999985695E-3,
,,,66.599994898E-3,639.999985695E-3,
,,,66.639997065E-3,599.999964237E-3,
,,,66.679999232E-3,639.999985695E-3,
,,,66.720001400E-3,599.999964237E-3,
,,,66.759996116E-3,599.999964237E-3,
,,,66.799998283E-3,560.000002384E-3,
,,,66.840000451E-3,599.999964237E-3,
,,,66.879995167E-3,560.000002384E-3,
,,,66.919997334E-3,560.000002384E-3,
,,,66.959999502E-3,560.000002384E-3,
,,,67.000001669E-3,519.999980927E-3,
,,,67.039996386E-3,519.999980927E-3,
,,,67.079998553E-3,519.999980927E-3,
,,,67.120000720E-3,519.999980927E-3,
,,,67.159995437E-3,519.999980927E-3,
,,,67.199997604E-3,519.999980927E-3,
,,,67.239999771E-3,479.999989271E-3,
,,,67.279994488E-3,479.999989271E-3,
,,,67.319996655E-3,479.999989271E-3,
,,,67.359998822E-3,479.999989271E-3,
,,,67.400000989E-3,479.999989271E-3,
,,,67.439995706E-3,439.999997616E-3,
,,,67.479997873E-3,439.999997616E-3,
,,,67.520000041E-3,439.999997616E-3,
,,,67.559994757E-3,439.999997616E-3,
,,,67.599996924E-3,439.999997616E-3,
,,,67.639999092E-3,439.999997616E-3,
,,,67.680001259E-3,439.999997616E-3,
,,,67.719995975E-3,399.99997616E-3,
,,,67.759998143E-3,399.99997616E-3,
,,,67.800000310E-3,439.999997616E-3,
,,,67.839995027E-3,399.99997616E-3,
,,,67.879997194E-3,439.999997616E-3,
,,,67.919999361E-3,399.99997616E-3,
,,,67.960001528E-3,399.99997616E-3,
,,,67.999996245E-3,399.99997616E-3,
,,,68.039998412E-3,399.99997616E-3,
,,,68.080000579E-3,359.99998450E-3,
,,,68.119995296E-3,399.99997616E-3,
,,,68.159997463E-3,399.99997616E-3,
,,,68.199999630E-3,399.99997616E-3,
,,,68.240001798E-3,359.99998450E-3,
,,,68.279996514E-3,359.99998450E-3,
,,,68.319998682E-3,359.99998450E-3,
,,,68.360000849E-3,359.99998450E-3,
,,,68.399995565E-3,359.99998450E-3,
,,,68.439997733E-3,359.99998450E-3,
,,,68.479999900E-3,359.99998450E-3,
,,,68.519994617E-3,359.99998450E-3,
,,,68.559996784E-3,359.99998450E-3,
,,,68.599998951E-3,359.99998450E-3,
,,,68.640001118E-3,359.99998450E-3,
,,,68.679995835E-3,359.99998450E-3,
,,,68.719998002E-3,359.99998450E-3,
,,,68.760000169E-3,359.99998450E-3,
,,,68.799994886E-3,359.99998450E-3,
,,,68.839997053E-3,359.99998450E-3,
,,,68.879999220E-3,359.99998450E-3,
,,,68.920001388E-3,359.99998450E-3,
,,,68.959996104E-3,359.99998450E-3,
,,,68.999998271E-3,239.99999464E-3,
,,,69.040000439E-3,159.99999642E-3,
,,,69.079995155E-3,399.99997616E-3,
,,,69.119997323E-3,399.99997616E-3,
,,,69.159999490E-3,399.99997616E-3,
,,,69.200001657E-3,399.99997616E-3,
,,,69.239996374E-3,399.99997616E-3,
,,,69.279998541E-3,399.99997616E-3,
,,,69.320000708E-3,399.99997616E-3,
,,,69.359995425E-3,439.999997616E-3,
,,,69.399997592E-3,399.99997616E-3,
,,,69.439999759E-3,399.99997616E-3,
,,,69.479994476E-3,399.99997616E-3,
,,,69.519996643E-3,439.999997616E-3,
,,,69.559998810E-3,439.999997616E-3,
,,,69.600000978E-3,399.99997616E-3,
,,,69.639995694E-3,399.99997616E-3,
,,,69.679997861E-3,439.999997616E-3,
,,,69.720000029E-3,399.99997616E-3,
,,,69.759994745E-3,399.99997616E-3,
,,,69.799996912E-3,439.999997616E-3,
,,,69.839999080E-3,439.999997616E-3,
,,,69.880001247E-3,439.999997616E-3,
,,,69.919995964E-3,439.999997616E-3,
,,,69.959998131E-3,439.999997616E-3,
,,,70.000000298E-3,399.99997616E-3,
,,,70.039995015E-3,439.999997616E-3,
,,,70.079997182E-3,439.999997616E-3,
,,,70.119999349E-3,439.999997616E-3,
,,,70.160001516E-3,439.999997616E-3,
,,,70.199996233E-3,439.999997616E-3,
,,,70.239998400E-3,439.999997616E-3,
,,,70.280000567E-3,439.999997616E-3,
,,,70.319995284E-3,439.999997616E-3,
,,,70.359997451E-3,439.999997616E-3,
,,,70.399999619E-3,439.999997616E-3,
,,,70.440001786E-3,439.999997616E-3,
,,,70.479996502E-3,439.999997616E-3,
,,,70.519998670E-3,439.999997616E-3,
,,,70.560000837E-3,439.999997616E-3,
,,,70.599995553E-3,479.999989271E-3,
,,,70.639997721E-3,439.999997616E-3,
,,,70.679999888E-3,439.999997616E-3,
,,,70.719994605E-3,439.999997616E-3,
,,,70.759996772E-3,519.999980927E-3,
,,,70.799998939E-3,479.999989271E-3,
,,,70.840001106E-3,479.999989271E-3,
,,,70.879995823E-3,479.999989271E-3,
,,,70.919997990E-3,479.999989271E-3,
,,,70.960000157E-3,519.999980927E-3,
,,,70.999994874E-3,519.999980927E-3,
,,,71.039997041E-3,479.999989271E-3,
,,,71.079999208E-3,519.999980927E-3,
,,,71.120001376E-3,519.999980927E-3,
,,,71.159996092E-3,519.999980927E-3,
,,,71.199998260E-3,560.000002384E-3,
,,,71.240000427E-3,560.000002384E-3,
,,,71.279995143E-3,560.000002384E-3,
,,,71.319997311E-3,560.000002384E-3,
,,,71.359999478E-3,599.999964237E-3,
,,,71.400001645E-3,599.999964237E-3,
,,,71.439996362E-3,599.999964237E-3,
,,,71.479998529E-3,599.999964237E-3,
,,,71.520000696E-3,599.999964237E-3,
,,,71.559995413E-3,639.999985695E-3,
,,,71.599997580E-3,639.999985695E-3,
,,,71.639999747E-3,639.999985695E-3,
,,,71.679994464E-3,639.999985695E-3,
,,,71.719996631E-3,680.000007153E-3,
,,,71.759998798E-3,639.999985695E-3,
,,,71.800000966E-3,680.000007153E-3,
,,,71.839995682E-3,680.000007153E-3,
,,,71.879997849E-3,680.000007153E-3,
,,,71.920000017E-3,680.000007153E-3,
,,,71.959994733E-3,680.000007153E-3,
,,,71.999996901E-3,680.000007153E-3,
,,,72.039999068E-3,719.999969006E-3,
,,,72.080001235E-3,680.000007153E-3,
,,,72.119995952E-3,680.000007153E-3,
,,,72.159998119E-3,639.999985695E-3,
,,,72.200000286E-3,639.999985695E-3,
,,,72.239995003E-3,639.999985695E-3,
,,,72.279997170E-3,639.999985695E-3,
,,,72.319999337E-3,639.999985695E-3,
,,,72.360001504E-3,639.999985695E-3,
,,,72.399996221E-3,639.999985695E-3,
,,,72.439998388E-3,599.999964237E-3,
,,,72.480000556E-3,599.999964237E-3,
,,,72.519995272E-3,599.999964237E-3,
,,,72.559997439E-3,599.999964237E-3,
,,,72.599999607E-3,519.999980927E-3,
,,,72.640001774E-3,560.000002384E-3,
,,,72.679996490E-3,560.000002384E-3,
,,,72.719998658E-3,519.999980927E-3,
,,,72.760000825E-3,560.000002384E-3,
,,,72.799995542E-3,519.999980927E-3,
,,,72.839997709E-3,479.999989271E-3,
,,,72.879999876E-3,519.999980927E-3,
,,,72.919994593E-3,519.999980927E-3,
,,,72.959996760E-3,479.999989271E-3,
,,,72.999998927E-3,479.999989271E-3,
,,,73.040001094E-3,479.999989271E-3,
,,,73.079995811E-3,479.999989271E-3,
,,,73.119997978E-3,479.999989271E-3,
,,,73.160000145E-3,479.999989271E-3,
,,,73.199994862E-3,479.999989271E-3,
,,,73.239997029E-3,439.999997616E-3,
,,,73.279999197E-3,439.999997616E-3,
,,,73.320001364E-3,439.999997616E-3,
,,,73.359996080E-3,439.999997616E-3,
,,,73.399998248E-3,439.999997616E-3,
,,,73.440000415E-3,399.99997616E-3,
,,,73.479995131E-3,399.99997616E-3,
,,,73.519997299E-3,439.999997616E-3,
,,,73.559999466E-3,399.99997616E-3,
,,,73.600001633E-3,399.99997616E-3,
,,,73.639996350E-3,399.99997616E-3,
,,,73.679998517E-3,399.99997616E-3,
,,,73.720000684E-3,399.99997616E-3,
,,,73.759995401E-3,399.99997616E-3,
,,,73.799997568E-3,399.99997616E-3,
,,,73.839999735E-3,399.99997616E-3,
,,,73.879994452E-3,359.99998450E-3,
,,,73.919996619E-3,359.99998450E-3,
,,,73.959998786E-3,359.99998450E-3,
,,,74.000000954E-3,399.99997616E-3,
,,,74.039995670E-3,359.99998450E-3,
,,,74.079997838E-3,359.99998450E-3,
,,,74.120000005E-3,359.99998450E-3,
,,,74.159994721E-3,359.99998450E-3,
,,,74.199996889E-3,359.99998450E-3,
,,,74.239999056E-3,359.99998450E-3,
,,,74.280001223E-3,359.99998450E-3,
,,,74.319995940E-3,359.99998450E-3,
,,,74.359998107E-3,359.99998450E-3,
,,,74.400000274E-3,359.99998450E-3,
,,,74.439994991E-3,359.99998450E-3,
,,,74.479997158E-3,359.99998450E-3,
,,,74.519999325E-3,359.99998450E-3,
,,,74.560001493E-3,359.99998450E-3,
,,,74.599996209E-3,319.99999285E-3,
,,,74.639998376E-3,359.99998450E-3,
,,,74.680000544E-3,359.99998450E-3,
,,,74.719995260E-3,359.99998450E-3,
,,,74.759997427E-3,319.99999285E-3,
,,,74.799999595E-3,319.99999285E-3,
,,,74.839994311E-3,319.99999285E-3,
,,,74.879996479E-3,319.99999285E-3,
,,,74.919998646E-3,359.99998450E-3,
,,,74.960000813E-3,359.99998450E-3,
,,,74.999995530E-3,199.99998808E-3,
,,,75.039997697E-3,159.99999642E-3,
,,,75.079999864E-3,359.99998450E-3,
,,,75.119994581E-3,399.99997616E-3,
,,,75.159996748E-3,359.99998450E-3,
,,,75.199998915E-3,399.99997616E-3,
,,,75.240001082E-3,399.99997616E-3,
,,,75.279995799E-3,399.99997616E-3,
,,,75.319997966E-3,399.99997616E-3,
,,,75.360000134E-3,399.99997616E-3,
,,,75.399994850E-3,399.99997616E-3,
,,,75.439997017E-3,399.99997616E-3,
,,,75.479999185E-3,399.99997616E-3,
,,,75.520001352E-3,399.99997616E-3,
,,,75.559996068E-3,399.99997616E-3,
,,,75.599998236E-3,359.99998450E-3,
,,,75.640000403E-3,399.99997616E-3,
,,,75.679995120E-3,399.99997616E-3,
,,,75.719997287E-3,359.99998450E-3,
,,,75.759999454E-3,399.99997616E-3,
,,,75.800001621E-3,399.99997616E-3,
,,,75.839996338E-3,359.99998450E-3,
,,,75.879998505E-3,399.99997616E-3,
,,,75.920000672E-3,399.99997616E-3,
,,,75.959995389E-3,399.99997616E-3,
,,,75.999997556E-3,399.99997616E-3,
,,,76.039999723E-3,399.99997616E-3,
,,,76.079994440E-3,359.99998450E-3,
,,,76.119996607E-3,399.99997616E-3,
,,,76.159998775E-3,399.99997616E-3,
,,,76.200000942E-3,359.99998450E-3,
,,,76.239995658E-3,399.99997616E-3,
,,,76.279997826E-3,399.99997616E-3,
,,,76.319999993E-3,399.99997616E-3,
,,,76.359994709E-3,399.99997616E-3,
,,,76.399996877E-3,399.99997616E-3,
,,,76.439999044E-3,399.99997616E-3,
,,,76.480001211E-3,399.99997616E-3,
,,,76.519995928E-3,399.99997616E-3,
,,,76.559998095E-3,439.999997616E-3,
,,,76.600000262E-3,399.99997616E-3,
,,,76.639994979E-3,439.999997616E-3,
,,,76.679997146E-3,439.999997616E-3,
,,,76.719999313E-3,439.999997616E-3,
,,,76.760001481E-3,439.999997616E-3,
,,,76.799996197E-3,439.999997616E-3,
,,,76.839998364E-3,439.999997616E-3,
,,,76.880000532E-3,439.999997616E-3,
,,,76.919995248E-3,439.999997616E-3,
,,,76.959997416E-3,439.999997616E-3,
,,,76.999999583E-3,439.999997616E-3,
,,,77.039994299E-3,439.999997616E-3,
,,,77.079996467E-3,479.999989271E-3,
,,,77.119998634E-3,479.999989271E-3,
,,,77.160000801E-3,479.999989271E-3,
,,,77.199995518E-3,479.999989271E-3,
,,,77.239997685E-3,479.999989271E-3,
,,,77.279999852E-3,479.999989271E-3,
,,,77.319994569E-3,479.999989271E-3,
,,,77.359996736E-3,519.999980927E-3,
,,,77.399998903E-3,519.999980927E-3,
,,,77.440001070E-3,519.999980927E-3,
,,,77.479995787E-3,519.999980927E-3,
,,,77.519997954E-3,519.999980927E-3,
,,,77.560000122E-3,519.999980927E-3,
,,,77.599994838E-3,519.999980927E-3,
,,,77.639997005E-3,560.000002384E-3,
,,,77.679999173E-3,560.000002384E-3,
,,,77.720001340E-3,599.999964237E-3,
,,,77.759996057E-3,560.000002384E-3,
,,,77.799998224E-3,560.000002384E-3,
,,,77.840000391E-3,599.999964237E-3,
,,,77.879995108E-3,599.999964237E-3,
,,,77.919997275E-3,599.999964237E-3,
,,,77.959999442E-3,599.999964237E-3,
,,,78.000001609E-3,639.999985695E-3,
,,,78.039996326E-3,599.999964237E-3,
,,,78.079998493E-3,560.000002384E-3,
,,,78.120000660E-3,599.999964237E-3,
,,,78.159995377E-3,599.999964237E-3,
,,,78.199997544E-3,560.000002384E-3,
,,,78.239999712E-3,560.000002384E-3,
,,,78.279994428E-3,599.999964237E-3,
,,,78.319996595E-3,519.999980927E-3,
,,,78.359998763E-3,560.000002384E-3,
,,,78.400000930E-3,560.000002384E-3,
,,,78.439995646E-3,519.999980927E-3,
,,,78.479997814E-3,519.999980927E-3,
,,,78.519999981E-3,519.999980927E-3,
,,,78.559994698E-3,479.999989271E-3,
,,,78.599996865E-3,519.999980927E-3,
,,,78.639999032E-3,519.999980927E-3,
,,,78.680001199E-3,479.999989271E-3,
,,,78.719995916E-3,479.999989271E-3,
,,,78.759998083E-3,479.999989271E-3,
,,,78.800000250E-3,439.999997616E-3,
,,,78.839994967E-3,479.999989271E-3,
,,,78.879997134E-3,479.999989271E-3,
,,,78.919999301E-3,439.999997616E-3,
,,,78.960001469E-3,439.999997616E-3,
,,,78.999996185E-3,439.999997616E-3,
,,,79.039998353E-3,439.999997616E-3,
,,,79.080000520E-3,399.99997616E-3,
,,,79.119995236E-3,399.99997616E-3,
,,,79.159997404E-3,399.99997616E-3,
,,,79.199999571E-3,399.99997616E-3,
,,,79.239994287E-3,399.99997616E-3,
,,,79.279996455E-3,399.99997616E-3,
,,,79.319998622E-3,399.99997616E-3,
,,,79.360000789E-3,359.99998450E-3,
,,,79.399995506E-3,359.99998450E-3,
,,,79.439997673E-3,359.99998450E-3,
,,,79.479999840E-3,359.99998450E-3,
,,,79.519994557E-3,399.99997616E-3,
,,,79.559996724E-3,359.99998450E-3,
,,,79.599998891E-3,319.99999285E-3,
,,,79.640001059E-3,359.99998450E-3,
,,,79.679995775E-3,319.99999285E-3,
,,,79.719997942E-3,359.99998450E-3,
,,,79.760000110E-3,319.99999285E-3,
,,,79.799994826E-3,319.99999285E-3,
,,,79.839996994E-3,359.99998450E-3,
,,,79.879999161E-3,319.99999285E-3,
,,,79.920001328E-3,319.99999285E-3,
,,,79.959996045E-3,319.99999285E-3,
,,,79.999998212E-3,319.99999285E-3,
,,,80.040000379E-3,319.99999285E-3,
,,,80.079995096E-3,319.99999285E-3,
,,,80.119997263E-3,319.99999285E-3,
,,,80.159999430E-3,280.00000119E-3,
,,,80.199994147E-3,280.00000119E-3,
,,,80.239996314E-3,319.99999285E-3,
,,,80.279998481E-3,319.99999285E-3,
,,,80.320000648E-3,319.99999285E-3,
,,,80.359995365E-3,319.99999285E-3,
,,,80.399997532E-3,280.00000119E-3,
,,,80.439999700E-3,280.00000119E-3,
,,,80.479994416E-3,319.99999285E-3,
,,,80.519996583E-3,280.00000119E-3,
,,,80.559998751E-3,280.00000119E-3,
,,,80.600000918E-3,319.99999285E-3,
,,,80.639995635E-3,280.00000119E-3,
,,,80.679997802E-3,280.00000119E-3,
,,,80.719999969E-3,280.00000119E-3,
,,,80.759994686E-3,239.99999464E-3,
,,,80.799996853E-3,280.00000119E-3,
,,,80.839999020E-3,239.99999464E-3,
,,,80.880001187E-3,280.00000119E-3,
,,,80.919995904E-3,280.00000119E-3,
,,,80.959998071E-3,280.00000119E-3,
,,,81.000000238E-3,199.99998808E-3,
,,,81.039994955E-3,159.99999642E-3,
,,,81.079997122E-3,359.99998450E-3,
,,,81.119999290E-3,359.99998450E-3,
,,,81.160001457E-3,359.99998450E-3,
,,,81.199996173E-3,359.99998450E-3,
,,,81.239998341E-3,359.99998450E-3,
,,,81.280000508E-3,359.99998450E-3,
,,,81.319995224E-3,359.99998450E-3,
,,,81.359997392E-3,359.99998450E-3,
,,,81.399999559E-3,359.99998450E-3,
,,,81.439994276E-3,359.99998450E-3,
,,,81.479996443E-3,359.99998450E-3,
,,,81.519998610E-3,359.99998450E-3,
,,,81.560000777E-3,359.99998450E-3,
,,,81.599995494E-3,359.99998450E-3,
,,,81.639997661E-3,359.99998450E-3,
,,,81.679999828E-3,359.99998450E-3,
,,,81.719994545E-3,359.99998450E-3,
,,,81.759996712E-3,359.99998450E-3,
,,,81.799998879E-3,359.99998450E-3,
,,,81.840001047E-3,319.99999285E-3,
,,,81.879995763E-3,359.99998450E-3,
,,,81.919997931E-3,319.99999285E-3,
,,,81.960000098E-3,359.99998450E-3,
,,,81.999994814E-3,359.99998450E-3,
,,,82.039996982E-3,319.99999285E-3,
,,,82.079999149E-3,359.99998450E-3,
,,,82.120001316E-3,359.99998450E-3,
,,,82.159996033E-3,359.99998450E-3,
,,,82.199998200E-3,359.99998450E-3,
,,,82.240000367E-3,359.99998450E-3,
,,,82.279995084E-3,399.99997616E-3,
,,,82.319997251E-3,359.99998450E-3,
,,,82.359999418E-3,359.99998450E-3,
,,,82.399994135E-3,359.99998450E-3,
,,,82.439996302E-3,359.99998450E-3,
,,,82.479998469E-3,399.99997616E-3,
,,,82.520000637E-3,359.99998450E-3,
,,,82.559995353E-3,399.99997616E-3,
,,,82.599997520E-3,359.99998450E-3,
,,,82.639999688E-3,359.99998450E-3,
,,,82.679994404E-3,359.99998450E-3,
,,,82.719996572E-3,359.99998450E-3,
,,,82.759998739E-3,399.99997616E-3,
,,,82.800000906E-3,399.99997616E-3,
,,,82.839995623E-3,399.99997616E-3,
,,,82.879997790E-3,399.99997616E-3,
,,,82.919999957E-3,399.99997616E-3,
,,,82.959994674E-3,439.999997616E-3,
,,,82.999996841E-3,399.99997616E-3,
,,,83.039999008E-3,439.999997616E-3,
,,,83.080001175E-3,439.999997616E-3,
,,,83.119995892E-3,439.999997616E-3,
,,,83.159998059E-3,439.999997616E-3,
,,,83.200000226E-3,439.999997616E-3,
,,,83.239994943E-3,479.999989271E-3,
,,,83.279997110E-3,439.999997616E-3,
,,,83.319999278E-3,439.999997616E-3,
,,,83.360001445E-3,439.999997616E-3,
,,,83.399996161E-3,439.999997616E-3,
,,,83.439998329E-3,479.999989271E-3,
,,,83.480000496E-3,479.999989271E-3,
,,,83.519995213E-3,479.999989271E-3,
,,,83.559997380E-3,479.999989271E-3,
,,,83.599999547E-3,519.999980927E-3,
,,,83.639994264E-3,479.999989271E-3,
,,,83.679996431E-3,519.999980927E-3,
,,,83.719998598E-3,479.999989271E-3,
,,,83.760000765E-3,519.999980927E-3,
,,,83.799995482E-3,519.999980927E-3,
,,,83.839997649E-3,519.999980927E-3,
,,,83.879999816E-3,519.999980927E-3,
,,,83.919994533E-3,519.999980927E-3,
,,,83.959996700E-3,519.999980927E-3,
,,,83.999998868E-3,519.999980927E-3,
,,,84.040001035E-3,560.000002384E-3,
,,,84.079995751E-3,519.999980927E-3,
,,,84.119997919E-3,519.999980927E-3,
,,,84.160000086E-3,519.999980927E-3,
,,,84.199994802E-3,519.999980927E-3,
,,,84.239996970E-3,519.999980927E-3,
,,,84.279999137E-3,479.999989271E-3,
,,,84.320001304E-3,519.999980927E-3,
,,,84.359996021E-3,479.999989271E-3,
,,,84.399998188E-3,479.999989271E-3,
,,,84.440000355E-3,479.999989271E-3,
,,,84.479995072E-3,479.999989271E-3,
,,,84.519997239E-3,479.999989271E-3,
,,,84.559999406E-3,439.999997616E-3,
,,,84.599994123E-3,439.999997616E-3,
,,,84.639996290E-3,439.999997616E-3,
,,,84.679998457E-3,439.999997616E-3,
,,,84.720000625E-3,439.999997616E-3,
,,,84.759995341E-3,439.999997616E-3,
,,,84.799997509E-3,399.99997616E-3,
,,,84.839999676E-3,399.99997616E-3,
,,,84.879994392E-3,399.99997616E-3,
,,,84.919996560E-3,439.999997616E-3,
,,,84.959998727E-3,399.99997616E-3,
,,,85.000000894E-3,359.99998450E-3,
,,,85.039995611E-3,399.99997616E-3,
,,,85.079997778E-3,359.99998450E-3,
,,,85.119999945E-3,359.99998450E-3,
,,,85.159994662E-3,399.99997616E-3,
,,,85.199996829E-3,359.99998450E-3,
,,,85.239998996E-3,359.99998450E-3,
,,,85.280001163E-3,359.99998450E-3,
,,,85.319995880E-3,359.99998450E-3,
,,,85.359998047E-3,319.99999285E-3,
,,,85.400000215E-3,359.99998450E-3,
,,,85.439994931E-3,319.99999285E-3,
,,,85.479997098E-3,319.99999285E-3,
,,,85.519999266E-3,359.99998450E-3,
,,,85.560001433E-3,359.99998450E-3,
,,,85.599996150E-3,359.99998450E-3,
,,,85.639998317E-3,280.00000119E-3,
,,,85.680000484E-3,319.99999285E-3,
,,,85.719995201E-3,319.99999285E-3,
,,,85.759997368E-3,280.00000119E-3,
,,,85.799999535E-3,319.99999285E-3,
,,,85.839994252E-3,319.99999285E-3,
,,,85.879996419E-3,280.00000119E-3,
,,,85.919998586E-3,280.00000119E-3,
,,,85.960000753E-3,319.99999285E-3,
,,,85.999995470E-3,319.99999285E-3,
,,,86.039997637E-3,280.00000119E-3,
,,,86.079999804E-3,319.99999285E-3,
,,,86.119994521E-3,280.00000119E-3,
,,,86.159996688E-3,280.00000119E-3,
,,,86.199998856E-3,280.00000119E-3,
,,,86.240001023E-3,280.00000119E-3,
,,,86.279995739E-3,239.99999464E-3,
,,,86.319997907E-3,319.99999285E-3,
,,,86.360000074E-3,280.00000119E-3,
,,,86.399994791E-3,239.99999464E-3,
,,,86.439996958E-3,280.00000119E-3,
,,,86.479999125E-3,239.99999464E-3,
,,,86.520001292E-3,280.00000119E-3,
,,,86.559996009E-3,280.00000119E-3,
,,,86.599998176E-3,280.00000119E-3,
,,,86.640000343E-3,280.00000119E-3,
,,,86.679995060E-3,239.99999464E-3,
,,,86.719997227E-3,239.99999464E-3,
,,,86.759999394E-3,239.99999464E-3,
,,,86.799994111E-3,239.99999464E-3,
,,,86.839996278E-3,280.00000119E-3,
,,,86.879998446E-3,280.00000119E-3,
,,,86.920000613E-3,239.99999464E-3,
,,,86.959995329E-3,239.99999464E-3,
,,,86.999997497E-3,159.99999642E-3,
,,,87.039999664E-3,159.99999642E-3,
,,,87.079994380E-3,319.99999285E-3,
,,,87.119996548E-3,319.99999285E-3,
,,,87.159998715E-3,319.99999285E-3,
,,,87.200000882E-3,319.99999285E-3,
,,,87.239995599E-3,359.99998450E-3,
,,,87.279997766E-3,319.99999285E-3,
,,,87.319999933E-3,359.99998450E-3,
,,,87.359994650E-3,319.99999285E-3,
,,,87.399996817E-3,359.99998450E-3,
,,,87.439998984E-3,319.99999285E-3,
,,,87.480001152E-3,359.99998450E-3,
,,,87.519995868E-3,359.99998450E-3,
,,,87.559998035E-3,359.99998450E-3,
,,,87.600000203E-3,359.99998450E-3,
,,,87.639994919E-3,359.99998450E-3,
,,,87.679997087E-3,319.99999285E-3,
,,,87.719999254E-3,359.99998450E-3,
,,,87.759993970E-3,319.99999285E-3,
,,,87.799996138E-3,359.99998450E-3,
,,,87.839998305E-3,319.99999285E-3,
,,,87.880000472E-3,319.99999285E-3,
,,,87.919995189E-3,359.99998450E-3,
,,,87.959997356E-3,359.99998450E-3,
,,,87.999999523E-3,319.99999285E-3,
,,,88.039994240E-3,359.99998450E-3,
,,,88.079996407E-3,359.99998450E-3,
,,,88.119998574E-3,359.99998450E-3,
,,,88.160000741E-3,359.99998450E-3,
,,,88.199995458E-3,319.99999285E-3,
,,,88.239997625E-3,359.99998450E-3,
,,,88.279999793E-3,319.99999285E-3,
,,,88.319994509E-3,359.99998450E-3,
,,,88.359996676E-3,359.99998450E-3,
,,,88.399998844E-3,319.99999285E-3,
,,,88.440001011E-3,359.99998450E-3,
,,,88.479995728E-3,359.99998450E-3,
,,,88.519997895E-3,359.99998450E-3,
,,,88.560000062E-3,359.99998450E-3,
,,,88.599994779E-3,359.99998450E-3,
,,,88.639996946E-3,359.99998450E-3,
,,,88.679999113E-3,359.99998450E-3,
,,,88.720001280E-3,359.99998450E-3,
,,,88.759995997E-3,359.99998450E-3,
,,,88.799998164E-3,319.99999285E-3,
,,,88.840000331E-3,359.99998450E-3,
,,,88.879995048E-3,359.99998450E-3,
,,,88.919997215E-3,359.99998450E-3,
,,,88.959999382E-3,359.99998450E-3,
,,,88.999994099E-3,359.99998450E-3,
,,,89.039996266E-3,399.99997616E-3,
,,,89.079998434E-3,399.99997616E-3,
,,,89.120000601E-3,399.99997616E-3,
,,,89.159995317E-3,399.99997616E-3,
,,,89.199997485E-3,399.99997616E-3,
,,,89.239999652E-3,399.99997616E-3,
,,,89.279994369E-3,399.99997616E-3,
,,,89.319996536E-3,439.999997616E-3,
,,,89.359998703E-3,439.999997616E-3,
,,,89.400000870E-3,399.99997616E-3,
,,,89.439995587E-3,439.999997616E-3,
,,,89.479997754E-3,439.999997616E-3,
,,,89.519999921E-3,439.999997616E-3,
,,,89.559994638E-3,439.999997616E-3,
,,,89.599996805E-3,439.999997616E-3,
,,,89.639998972E-3,479.999989271E-3,
,,,89.680001140E-3,479.999989271E-3,
,,,89.719995856E-3,439.999997616E-3,
,,,89.759998024E-3,479.999989271E-3,
,,,89.800000191E-3,439.999997616E-3,
,,,89.839994907E-3,479.999989271E-3,
,,,89.879997075E-3,479.999989271E-3,
,,,89.919999242E-3,479.999989271E-3,
,,,89.959993958E-3,479.999989271E-3,
,,,89.999996126E-3,519.999980927E-3,
,,,90.039998293E-3,479.999989271E-3,
,,,90.080000460E-3,479.999989271E-3,
,,,90.119995177E-3,439.999997616E-3,
,,,90.159997344E-3,479.999989271E-3,
,,,90.199999511E-3,479.999989271E-3,
,,,90.239994228E-3,479.999989271E-3,
,,,90.279996395E-3,439.999997616E-3,
,,,90.319998562E-3,439.999997616E-3,
,,,90.360000730E-3,439.999997616E-3,
,,,90.399995446E-3,439.999997616E-3,
,,,90.439997613E-3,439.999997616E-3,
,,,90.479999781E-3,439.999997616E-3,
,,,90.519994497E-3,439.999997616E-3,
,,,90.559996665E-3,439.999997616E-3,
,,,90.599998832E-3,439.999997616E-3,
,,,90.640000999E-3,439.999997616E-3,
,,,90.679995716E-3,399.99997616E-3,
,,,90.719997883E-3,399.99997616E-3,
,,,90.760000050E-3,399.99997616E-3,
,,,90.799994767E-3,399.99997616E-3,
,,,90.839996934E-3,399.99997616E-3,
,,,90.879999101E-3,359.99998450E-3,
,,,90.920001268E-3,399.99997616E-3,
,,,90.959995985E-3,359.99998450E-3,
,,,90.999998152E-3,359.99998450E-3,
,,,91.040000319E-3,359.99998450E-3,
,,,91.079995036E-3,359.99998450E-3,
,,,91.119997203E-3,280.00000119E-3,
,,,91.159999371E-3,319.99999285E-3,
,,,91.199994087E-3,319.99999285E-3,
,,,91.239996254E-3,359.99998450E-3,
,,,91.279998422E-3,359.99998450E-3,
,,,91.320000589E-3,319.99999285E-3,
,,,91.359995306E-3,280.00000119E-3,
,,,91.399997473E-3,280.00000119E-3,
,,,91.439999640E-3,280.00000119E-3,
,,,91.479994357E-3,319.99999285E-3,
,,,91.519996524E-3,280.00000119E-3,
,,,91.559998691E-3,280.00000119E-3,
,,,91.600000858E-3,280.00000119E-3,
,,,91.639995575E-3,280.00000119E-3,
,,,91.679997742E-3,239.99999464E-3,
,,,91.719999909E-3,280.00000119E-3,
,,,91.759994626E-3,239.99999464E-3,
,,,91.799996793E-3,280.00000119E-3,
,,,91.839998960E-3,239.99999464E-3,
,,,91.880001128E-3,239.99999464E-3,
,,,91.919995844E-3,239.99999464E-3,
,,,91.959998012E-3,280.00000119E-3,
,,,92.000000179E-3,280.00000119E-3,
,,,92.039994895E-3,239.99999464E-3,
,,,92.079997063E-3,239.99999464E-3,
,,,92.119999230E-3,239.99999464E-3,
,,,92.159993947E-3,239.99999464E-3,
,,,92.199996114E-3,239.99999464E-3,
,,,92.239998281E-3,280.00000119E-3,
,,,92.280000448E-3,239.99999464E-3,
,,,92.319995165E-3,239.99999464E-3,
,,,92.359997332E-3,239.99999464E-3,
,,,92.399999499E-3,280.00000119E-3,
,,,92.439994216E-3,239.99999464E-3,
,,,92.479996383E-3,239.99999464E-3,
,,,92.519998550E-3,239.99999464E-3,
,,,92.560000718E-3,239.99999464E-3,
,,,92.599995434E-3,239.99999464E-3,
,,,92.639997602E-3,239.99999464E-3,
,,,92.679999769E-3,239.99999464E-3,
,,,92.719994485E-3,239.99999464E-3,
,,,92.759996653E-3,239.99999464E-3,
,,,92.799998820E-3,239.99999464E-3,
,,,92.840000987E-3,239.99999464E-3,
,,,92.879995704E-3,239.99999464E-3,
,,,92.919997871E-3,239.99999464E-3,
,,,92.960000038E-3,239.99999464E-3,
,,,92.999994755E-3,159.99999642E-3,
,,,93.039996922E-3,159.99999642E-3,
,,,93.079999089E-3,280.00000119E-3,
,,,93.119993806E-3,319.99999285E-3,
,,,93.159995973E-3,280.00000119E-3,
,,,93.199998140E-3,319.99999285E-3,
,,,93.240000308E-3,319.99999285E-3,
,,,93.279995024E-3,280.00000119E-3,
,,,93.319997191E-3,280.00000119E-3,
,,,93.359999359E-3,280.00000119E-3,
,,,93.399994075E-3,319.99999285E-3,
,,,93.439996243E-3,319.99999285E-3,
,,,93.479998410E-3,319.99999285E-3,
,,,93.520000577E-3,319.99999285E-3,
,,,93.559995294E-3,280.00000119E-3,
,,,93.599997461E-3,280.00000119E-3,
,,,93.639999628E-3,319.99999285E-3,
,,,93.679994345E-3,319.99999285E-3,
,,,93.719996512E-3,319.99999285E-3,
,,,93.759998679E-3,280.00000119E-3,
,,,93.800000846E-3,319.99999285E-3,
,,,93.839995563E-3,280.00000119E-3,
,,,93.879997730E-3,319.99999285E-3,
,,,93.919999897E-3,280.00000119E-3,
,,,93.959994614E-3,280.00000119E-3,
,,,93.999996781E-3,280.00000119E-3,
,,,94.039998949E-3,280.00000119E-3,
,,,94.080001116E-3,280.00000119E-3,
,,,94.119995832E-3,280.00000119E-3,
,,,94.159998000E-3,319.99999285E-3,
,,,94.200000167E-3,280.00000119E-3,
,,,94.239994884E-3,319.99999285E-3,
,,,94.279997051E-3,319.99999285E-3,
,,,94.319999218E-3,280.00000119E-3,
,,,94.359993935E-3,280.00000119E-3,
,,,94.399996102E-3,280.00000119E-3,
,,,94.439998269E-3,319.99999285E-3,
,,,94.480000436E-3,319.99999285E-3,
,,,94.519995153E-3,280.00000119E-3,
,,,94.559997320E-3,319.99999285E-3,
,,,94.599999487E-3,319.99999285E-3,
,,,94.639994204E-3,319.99999285E-3,
,,,94.679996371E-3,319.99999285E-3,
,,,94.719998538E-3,319.99999285E-3,
,,,94.760000706E-3,319.99999285E-3,
,,,94.799995422E-3,319.99999285E-3,
,,,94.839997590E-3,319.99999285E-3,
,,,94.879999757E-3,319.99999285E-3,
,,,94.919994473E-3,359.99998450E-3,
,,,94.959996641E-3,319.99999285E-3,
,,,94.999998808E-3,319.99999285E-3,
,,,95.040000975E-3,359.99998450E-3,
,,,95.079995692E-3,359.99998450E-3,
,,,95.119997859E-3,359.99998450E-3,
,,,95.160000026E-3,359.99998450E-3,
,,,95.199994743E-3,359.99998450E-3,
,,,95.239996910E-3,359.99998450E-3,
,,,95.279999077E-3,359.99998450E-3,
,,,95.319993794E-3,359.99998450E-3,
,,,95.359995961E-3,359.99998450E-3,
,,,95.399998128E-3,359.99998450E-3,
,,,95.440000296E-3,359.99998450E-3,
,,,95.479995012E-3,399.99997616E-3,
,,,95.519997180E-3,399.99997616E-3,
,,,95.559999347E-3,439.999997616E-3,
,,,95.599994063E-3,439.999997616E-3,
,,,95.639996231E-3,439.999997616E-3,
,,,95.679998398E-3,439.999997616E-3,
,,,95.720000565E-3,399.99997616E-3,
,,,95.759995282E-3,439.999997616E-3,
,,,95.799997449E-3,439.999997616E-3,
,,,95.839999616E-3,439.999997616E-3,
,,,95.879994333E-3,439.999997616E-3,
,,,95.919996500E-3,439.999997616E-3,
,,,95.959998667E-3,439.999997616E-3,
,,,96.000000834E-3,479.999989271E-3,
,,,96.039995551E-3,479.999989271E-3,
,,,96.079997718E-3,439.999997616E-3,
,,,96.119999886E-3,439.999997616E-3,
,,,96.159994602E-3,439.999997616E-3,
,,,96.199996769E-3,439.999997616E-3,
,,,96.239998937E-3,439.999997616E-3,
,,,96.280001104E-3,439.999997616E-3,
,,,96.319995821E-3,399.99997616E-3,
,,,96.359997988E-3,439.999997616E-3,
,,,96.400000155E-3,399.99997616E-3,
,,,96.439994872E-3,399.99997616E-3,
,,,96.479997039E-3,399.99997616E-3,
,,,96.519999206E-3,399.99997616E-3,
,,,96.559993923E-3,359.99998450E-3,
,,,96.599996090E-3,359.99998450E-3,
,,,96.639998257E-3,359.99998450E-3,
,,,96.680000424E-3,399.99997616E-3,
,,,96.719995141E-3,359.99998450E-3,
,,,96.759997308E-3,359.99998450E-3,
,,,96.799999475E-3,359.99998450E-3,
,,,96.839994192E-3,359.99998450E-3,
,,,96.879996359E-3,359.99998450E-3,
,,,96.919998527E-3,319.99999285E-3,
,,,96.960000694E-3,319.99999285E-3,
,,,96.999995410E-3,319.99999285E-3,
,,,97.039997578E-3,319.99999285E-3,
,,,97.079999745E-3,359.99998450E-3,
,,,97.119994462E-3,319.99999285E-3,
,,,97.159996629E-3,319.99999285E-3,
,,,97.199998796E-3,319.99999285E-3,
,,,97.240000963E-3,280.00000119E-3,
,,,97.279995680E-3,280.00000119E-3,
,,,97.319997847E-3,280.00000119E-3,
,,,97.360000014E-3,280.00000119E-3,
,,,97.399994731E-3,239.99999464E-3,
,,,97.439996898E-3,239.99999464E-3,
,,,97.479999065E-3,319.99999285E-3,
,,,97.519993782E-3,319.99999285E-3,
,,,97.559995949E-3,280.00000119E-3,
,,,97.599998116E-3,280.00000119E-3,
,,,97.640000284E-3,280.00000119E-3,
,,,97.679995000E-3,280.00000119E-3,
,,,97.719997168E-3,280.00000119E-3,
,,,97.759999335E-3,239.99999464E-3,
,,,97.799994051E-3,239.99999464E-3,
,,,97.839996219E-3,239.99999464E-3,
,,,97.879998386E-3,239.99999464E-3,
,,,97.920000553E-3,239.99999464E-3,
,,,97.959995270E-3,239.99999464E-3,
,,,97.999997437E-3,239.99999464E-3,
,,,98.039999604E-3,239.99999464E-3,
,,,98.079994321E-3,239.99999464E-3,
,,,98.119996488E-3,239.99999464E-3,
,,,98.159998655E-3,239.99999464E-3,
,,,98.200000823E-3,280.00000119E-3,
,,,98.239995539E-3,239.99999464E-3,
,,,98.279997706E-3,239.99999464E-3,
,,,98.319999874E-3,239.99999464E-3,
,,,98.359994590E-3,239.99999464E-3,
